country,year_month,Conflict,Economic,Governance,Political,Social,push_factor_index
Afghanistan,2003-04-01,4,0,0,6,0,10
Afghanistan,2003-05-01,1,0,0,0,0,1
Afghanistan,2003-06-01,16,0,0,-2,0,14
Afghanistan,2003-07-01,5,0,0,0,0,5
Afghanistan,2003-08-01,4,0,0,6,0,10
Afghanistan,2003-09-01,6,0,0,4,0,10
Afghanistan,2003-10-01,0,0,0,3,1,4
Afghanistan,2003-11-01,7,0,0,0,0,7
Afghanistan,2003-12-01,26,0,0,0,0,26
Afghanistan,2004-01-01,3,0,0,0,0,3
Afghanistan,2004-02-01,4,0,0,-4,0,0
Afghanistan,2004-03-01,8,0,0,7,0,15
Afghanistan,2004-04-01,11,0,-2,-2,2,9
Afghanistan,2004-05-01,4,0,0,0,0,4
Afghanistan,2004-06-01,7,0,0,0,0,7
Afghanistan,2004-07-01,6,0,0,0,0,6
Afghanistan,2004-08-01,6,0,0,0,0,6
Afghanistan,2004-09-01,11,0,0,0,0,11
Afghanistan,2004-10-01,5,0,0,1,0,6
Afghanistan,2004-11-01,11,0,0,0,0,11
Afghanistan,2004-12-01,6,0,0,0,0,6
Afghanistan,2005-01-01,9,0,0,0,0,9
Afghanistan,2005-02-01,15,0,0,0,0,15
Afghanistan,2005-03-01,0,0,0,0,0,0
Afghanistan,2005-04-01,0,0,0,0,0,0
Afghanistan,2005-05-01,0,0,0,0,0,0
Afghanistan,2005-06-01,0,0,0,0,0,0
Afghanistan,2005-07-01,0,0,0,0,0,0
Afghanistan,2005-08-01,0,0,0,0,0,0
Afghanistan,2005-09-01,0,0,0,0,0,0
Afghanistan,2005-10-01,0,0,0,0,0,0
Afghanistan,2005-11-01,0,0,0,0,0,0
Afghanistan,2005-12-01,0,0,0,0,0,0
Afghanistan,2006-01-01,0,0,0,0,0,0
Afghanistan,2006-02-01,0,0,0,0,0,0
Afghanistan,2006-03-01,0,0,0,0,0,0
Afghanistan,2006-04-01,0,0,0,0,0,0
Afghanistan,2006-05-01,0,0,0,0,0,0
Afghanistan,2006-06-01,0,0,0,0,0,0
Afghanistan,2006-07-01,0,0,0,0,0,0
Afghanistan,2006-08-01,0,0,0,0,0,0
Afghanistan,2006-09-01,0,0,0,0,0,0
Afghanistan,2006-10-01,0,0,0,0,0,0
Afghanistan,2006-11-01,0,0,0,0,0,0
Afghanistan,2006-12-01,0,0,0,0,0,0
Afghanistan,2007-01-01,0,0,0,0,0,0
Afghanistan,2007-02-01,0,0,0,0,0,0
Afghanistan,2007-03-01,0,0,0,0,0,0
Afghanistan,2007-04-01,0,0,0,0,0,0
Afghanistan,2007-05-01,0,0,0,0,0,0
Afghanistan,2007-06-01,0,0,0,0,0,0
Afghanistan,2007-07-01,0,0,0,0,0,0
Afghanistan,2007-08-01,0,0,0,0,0,0
Afghanistan,2007-09-01,0,0,0,0,0,0
Afghanistan,2007-10-01,0,0,0,0,0,0
Afghanistan,2007-11-01,0,0,0,0,0,0
Afghanistan,2007-12-01,0,0,0,0,0,0
Afghanistan,2008-01-01,0,0,0,0,0,0
Afghanistan,2008-02-01,0,0,0,0,0,0
Afghanistan,2008-03-01,0,0,0,0,0,0
Afghanistan,2008-04-01,0,0,0,0,0,0
Afghanistan,2008-05-01,0,0,0,0,0,0
Afghanistan,2008-06-01,0,0,0,0,0,0
Afghanistan,2008-07-01,0,0,0,0,0,0
Afghanistan,2008-08-01,0,0,0,0,0,0
Afghanistan,2008-09-01,0,0,0,0,0,0
Afghanistan,2008-10-01,0,0,0,0,0,0
Afghanistan,2008-11-01,0,0,0,0,0,0
Afghanistan,2008-12-01,0,0,0,0,0,0
Afghanistan,2009-01-01,0,0,0,0,0,0
Afghanistan,2009-02-01,0,0,0,0,0,0
Afghanistan,2009-03-01,0,0,0,0,0,0
Afghanistan,2009-04-01,0,0,0,0,0,0
Afghanistan,2009-05-01,0,0,0,0,0,0
Afghanistan,2009-06-01,0,0,0,0,0,0
Afghanistan,2009-07-01,0,0,0,0,0,0
Afghanistan,2009-08-01,0,0,0,0,0,0
Afghanistan,2009-09-01,0,0,0,0,0,0
Afghanistan,2009-10-01,0,0,0,0,0,0
Afghanistan,2009-11-01,0,0,0,0,0,0
Afghanistan,2009-12-01,0,0,0,0,0,0
Afghanistan,2010-01-01,0,0,0,0,0,0
Afghanistan,2010-02-01,0,0,0,0,0,0
Afghanistan,2010-03-01,0,0,0,0,0,0
Afghanistan,2010-04-01,0,0,0,0,0,0
Afghanistan,2010-05-01,0,0,0,0,0,0
Afghanistan,2010-06-01,0,0,0,0,0,0
Afghanistan,2010-07-01,0,0,0,0,0,0
Afghanistan,2010-08-01,0,0,0,0,0,0
Afghanistan,2010-09-01,0,0,0,0,0,0
Afghanistan,2010-10-01,0,0,0,0,0,0
Afghanistan,2010-11-01,0,0,0,0,0,0
Afghanistan,2010-12-01,0,0,0,0,0,0
Afghanistan,2011-01-01,0,0,0,0,0,0
Afghanistan,2011-02-01,0,0,0,0,0,0
Afghanistan,2011-03-01,0,0,0,0,0,0
Afghanistan,2011-04-01,0,0,0,0,0,0
Afghanistan,2011-05-01,0,0,0,0,0,0
Afghanistan,2011-06-01,0,0,0,0,0,0
Afghanistan,2011-07-01,0,0,0,0,0,0
Afghanistan,2011-08-01,0,0,0,0,0,0
Afghanistan,2011-09-01,0,0,0,0,0,0
Afghanistan,2011-10-01,0,0,0,0,0,0
Afghanistan,2011-11-01,0,0,0,0,0,0
Afghanistan,2011-12-01,0,0,0,0,0,0
Afghanistan,2012-01-01,0,0,0,0,0,0
Afghanistan,2012-02-01,0,0,0,0,0,0
Afghanistan,2012-03-01,0,0,0,0,0,0
Afghanistan,2012-04-01,47,0,-4,7,8,58
Afghanistan,2012-05-01,25,0,-3,12,11,45
Afghanistan,2012-06-01,23,0,-3,-9,15,26
Afghanistan,2012-07-01,47,0,0,12,7,66
Afghanistan,2012-08-01,89,2,0,27,14,132
Afghanistan,2012-09-01,69,0,0,-15,11,65
Afghanistan,2012-10-01,70,0,-12,35,30,123
Afghanistan,2012-11-01,99,0,-6,18,9,120
Afghanistan,2012-12-01,124,2,-1,32,18,175
Afghanistan,2013-01-01,95,0,-2,14,12,119
Afghanistan,2013-02-01,103,0,0,31,14,148
Afghanistan,2013-03-01,98,2,0,38,12,150
Afghanistan,2013-04-01,819,10,-8,234,280,1335
Afghanistan,2013-05-01,873,34,0,259,364,1530
Afghanistan,2013-06-01,1072,38,-11,245,462,1806
Afghanistan,2013-07-01,963,64,5,304,453,1789
Afghanistan,2013-08-01,1084,72,5,351,469,1981
Afghanistan,2013-09-01,1194,60,-3,329,457,2037
Afghanistan,2013-10-01,995,56,-7,340,408,1792
Afghanistan,2013-11-01,1123,62,-11,394,422,1990
Afghanistan,2013-12-01,960,48,-20,336,384,1708
Afghanistan,2014-01-01,992,42,-21,263,427,1703
Afghanistan,2014-02-01,1000,38,-16,297,412,1731
Afghanistan,2014-03-01,1056,70,-36,357,464,1911
Afghanistan,2014-04-01,1030,64,-36,392,390,1840
Afghanistan,2014-05-01,1011,72,-24,303,430,1792
Afghanistan,2014-06-01,1226,68,-10,309,445,2038
Afghanistan,2014-07-01,1149,52,-51,316,502,1968
Afghanistan,2014-08-01,1111,44,-15,328,400,1868
Afghanistan,2014-09-01,1174,50,-34,346,452,1988
Afghanistan,2014-10-01,1092,66,-17,354,520,2015
Afghanistan,2014-11-01,973,62,-10,335,494,1854
Afghanistan,2014-12-01,1058,54,-22,391,426,1907
Afghanistan,2015-01-01,1014,54,-20,359,413,1820
Afghanistan,2015-02-01,525,24,7,200,209,965
Albania,2003-06-01,0,0,0,0,0,0
Albania,2003-07-01,0,0,0,0,0,0
Albania,2003-08-01,0,0,0,0,0,0
Albania,2003-09-01,0,0,0,0,0,0
Albania,2003-10-01,2,0,0,0,0,2
Albania,2003-11-01,0,0,0,0,0,0
Albania,2003-12-01,0,0,0,0,0,0
Albania,2004-01-01,0,0,0,0,0,0
Albania,2004-02-01,0,0,0,0,0,0
Albania,2004-03-01,0,0,0,0,0,0
Albania,2004-04-01,0,0,0,0,0,0
Albania,2004-05-01,0,0,0,0,0,0
Albania,2004-06-01,0,0,0,0,0,0
Albania,2004-07-01,0,0,0,0,0,0
Albania,2004-08-01,0,0,0,0,0,0
Albania,2004-09-01,0,0,0,0,0,0
Albania,2004-10-01,0,0,0,0,0,0
Albania,2004-11-01,0,0,0,0,0,0
Albania,2004-12-01,0,0,0,0,0,0
Albania,2005-01-01,1,0,0,0,0,1
Albania,2005-02-01,0,0,0,0,0,0
Albania,2005-03-01,0,0,0,0,0,0
Albania,2005-04-01,0,0,0,0,0,0
Albania,2005-05-01,0,0,0,0,0,0
Albania,2005-06-01,0,0,0,0,0,0
Albania,2005-07-01,0,0,0,0,0,0
Albania,2005-08-01,0,0,0,0,0,0
Albania,2005-09-01,0,0,0,0,0,0
Albania,2005-10-01,0,0,0,0,0,0
Albania,2005-11-01,0,0,0,0,0,0
Albania,2005-12-01,0,0,0,0,0,0
Albania,2006-01-01,0,0,0,0,0,0
Albania,2006-02-01,0,0,0,0,0,0
Albania,2006-03-01,0,0,0,0,0,0
Albania,2006-04-01,0,0,0,0,0,0
Albania,2006-05-01,0,0,0,0,0,0
Albania,2006-06-01,0,0,0,0,0,0
Albania,2006-07-01,0,0,0,0,0,0
Albania,2006-08-01,0,0,0,0,0,0
Albania,2006-09-01,0,0,0,0,0,0
Albania,2006-10-01,0,0,0,0,0,0
Albania,2006-11-01,0,0,0,0,0,0
Albania,2006-12-01,0,0,0,0,0,0
Albania,2007-01-01,0,0,0,0,0,0
Albania,2007-02-01,0,0,0,0,0,0
Albania,2007-03-01,0,0,0,0,0,0
Albania,2007-04-01,0,0,0,0,0,0
Albania,2007-05-01,0,0,0,0,0,0
Albania,2007-06-01,0,0,0,0,0,0
Albania,2007-07-01,0,0,0,0,0,0
Albania,2007-08-01,0,0,0,0,0,0
Albania,2007-09-01,0,0,0,0,0,0
Albania,2007-10-01,0,0,0,0,0,0
Albania,2007-11-01,0,0,0,0,0,0
Albania,2007-12-01,0,0,0,0,0,0
Albania,2008-01-01,0,0,0,0,0,0
Albania,2008-02-01,0,0,0,0,0,0
Albania,2008-03-01,0,0,0,0,0,0
Albania,2008-04-01,0,0,0,0,0,0
Albania,2008-05-01,0,0,0,0,0,0
Albania,2008-06-01,0,0,0,0,0,0
Albania,2008-07-01,0,0,0,0,0,0
Albania,2008-08-01,0,0,0,0,0,0
Albania,2008-09-01,0,0,0,0,0,0
Albania,2008-10-01,0,0,0,0,0,0
Albania,2008-11-01,0,0,0,0,0,0
Albania,2008-12-01,0,0,0,0,0,0
Albania,2009-01-01,0,0,0,0,0,0
Albania,2009-02-01,0,0,0,0,0,0
Albania,2009-03-01,0,0,0,0,0,0
Albania,2009-04-01,0,0,0,0,0,0
Albania,2009-05-01,0,0,0,0,0,0
Albania,2009-06-01,0,0,0,0,0,0
Albania,2009-07-01,0,0,0,0,0,0
Albania,2009-08-01,0,0,0,0,0,0
Albania,2009-09-01,0,0,0,0,0,0
Albania,2009-10-01,0,0,0,0,0,0
Albania,2009-11-01,0,0,0,0,0,0
Albania,2009-12-01,0,0,0,0,0,0
Albania,2010-01-01,0,0,0,0,0,0
Albania,2010-02-01,0,0,0,0,0,0
Albania,2010-03-01,0,0,0,0,0,0
Albania,2010-04-01,0,0,0,0,0,0
Albania,2010-05-01,0,0,0,0,0,0
Albania,2010-06-01,0,0,0,0,0,0
Albania,2010-07-01,0,0,0,0,0,0
Albania,2010-08-01,0,0,0,0,0,0
Albania,2010-09-01,0,0,0,0,0,0
Albania,2010-10-01,0,0,0,0,0,0
Albania,2010-11-01,0,0,0,0,0,0
Albania,2010-12-01,0,0,0,0,0,0
Albania,2011-01-01,0,0,0,0,0,0
Albania,2011-02-01,0,0,0,0,0,0
Albania,2011-03-01,0,0,0,0,0,0
Albania,2011-04-01,0,0,0,0,0,0
Albania,2011-05-01,0,0,0,0,0,0
Albania,2011-06-01,0,0,0,0,0,0
Albania,2011-07-01,0,0,0,0,0,0
Albania,2011-08-01,0,0,0,0,0,0
Albania,2011-09-01,0,0,0,0,0,0
Albania,2011-10-01,0,0,0,0,0,0
Albania,2011-11-01,0,0,0,0,0,0
Albania,2011-12-01,0,0,0,0,0,0
Albania,2012-01-01,0,0,0,0,0,0
Albania,2012-02-01,0,0,0,0,0,0
Albania,2012-03-01,0,0,0,0,0,0
Albania,2012-04-01,0,0,0,0,0,0
Albania,2012-05-01,0,0,0,0,0,0
Albania,2012-06-01,4,0,0,0,0,4
Albania,2012-07-01,2,0,0,3,1,6
Albania,2012-08-01,3,0,0,9,0,12
Albania,2012-09-01,0,0,0,0,2,2
Albania,2012-10-01,2,0,0,0,0,2
Albania,2012-11-01,2,0,0,9,0,11
Albania,2012-12-01,0,0,7,0,0,7
Albania,2013-01-01,2,0,0,9,0,11
Albania,2013-02-01,2,0,0,3,0,5
Albania,2013-03-01,3,0,0,0,0,3
Albania,2013-04-01,71,0,-5,33,11,110
Albania,2013-05-01,33,0,-4,21,7,57
Albania,2013-06-01,135,2,-10,40,39,206
Albania,2013-07-01,181,0,-2,77,29,285
Albania,2013-08-01,144,0,0,64,9,217
Albania,2013-09-01,134,0,-7,39,27,193
Albania,2013-10-01,100,0,-2,38,25,161
Albania,2013-11-01,260,18,-4,101,95,470
Albania,2013-12-01,205,2,3,99,46,355
Albania,2014-01-01,167,8,-3,82,36,290
Albania,2014-02-01,119,0,2,109,37,267
Albania,2014-03-01,220,4,-11,80,49,342
Albania,2014-04-01,165,0,-1,89,51,304
Albania,2014-05-01,209,0,-1,89,35,332
Albania,2014-06-01,300,0,-10,105,74,469
Albania,2014-07-01,224,4,1,77,84,390
Albania,2014-08-01,208,0,-9,60,52,311
Albania,2014-09-01,233,2,-3,138,28,398
Albania,2014-10-01,149,0,-4,109,36,290
Albania,2014-11-01,186,0,-6,93,44,317
Albania,2014-12-01,187,6,-6,81,40,308
Albania,2015-01-01,162,6,-4,108,63,335
Albania,2015-02-01,188,8,2,54,23,275
Bangladesh,2003-05-01,0,0,0,0,0,0
Bangladesh,2003-06-01,1,0,0,0,0,1
Bangladesh,2003-07-01,0,0,0,0,0,0
Bangladesh,2003-08-01,0,0,0,0,0,0
Bangladesh,2003-09-01,0,0,0,-2,0,-2
Bangladesh,2003-10-01,0,0,0,0,0,0
Bangladesh,2003-11-01,0,0,0,0,0,0
Bangladesh,2003-12-01,0,0,0,0,0,0
Bangladesh,2004-01-01,3,0,0,0,0,3
Bangladesh,2004-02-01,4,0,0,0,0,4
Bangladesh,2004-03-01,0,0,0,0,0,0
Bangladesh,2004-04-01,0,0,0,0,0,0
Bangladesh,2004-05-01,0,0,0,0,0,0
Bangladesh,2004-06-01,0,0,0,0,0,0
Bangladesh,2004-07-01,0,0,0,0,0,0
Bangladesh,2004-08-01,0,0,0,0,0,0
Bangladesh,2004-09-01,0,0,0,0,0,0
Bangladesh,2004-10-01,0,0,0,0,0,0
Bangladesh,2004-11-01,0,0,0,0,0,0
Bangladesh,2004-12-01,1,0,0,0,0,1
Bangladesh,2005-01-01,0,0,0,0,0,0
Bangladesh,2005-02-01,0,0,0,0,0,0
Bangladesh,2005-03-01,0,0,0,0,0,0
Bangladesh,2005-04-01,0,0,0,0,0,0
Bangladesh,2005-05-01,0,0,0,0,0,0
Bangladesh,2005-06-01,0,0,0,0,0,0
Bangladesh,2005-07-01,0,0,0,0,0,0
Bangladesh,2005-08-01,0,0,0,0,0,0
Bangladesh,2005-09-01,0,0,0,0,0,0
Bangladesh,2005-10-01,0,0,0,0,0,0
Bangladesh,2005-11-01,0,0,0,0,0,0
Bangladesh,2005-12-01,0,0,0,0,0,0
Bangladesh,2006-01-01,0,0,0,0,0,0
Bangladesh,2006-02-01,0,0,0,0,0,0
Bangladesh,2006-03-01,0,0,0,0,0,0
Bangladesh,2006-04-01,0,0,0,0,0,0
Bangladesh,2006-05-01,0,0,0,0,0,0
Bangladesh,2006-06-01,0,0,0,0,0,0
Bangladesh,2006-07-01,0,0,0,0,0,0
Bangladesh,2006-08-01,0,0,0,0,0,0
Bangladesh,2006-09-01,0,0,0,0,0,0
Bangladesh,2006-10-01,0,0,0,0,0,0
Bangladesh,2006-11-01,0,0,0,0,0,0
Bangladesh,2006-12-01,0,0,0,0,0,0
Bangladesh,2007-01-01,0,0,0,0,0,0
Bangladesh,2007-02-01,0,0,0,0,0,0
Bangladesh,2007-03-01,0,0,0,0,0,0
Bangladesh,2007-04-01,0,0,0,0,0,0
Bangladesh,2007-05-01,0,0,0,0,0,0
Bangladesh,2007-06-01,0,0,0,0,0,0
Bangladesh,2007-07-01,0,0,0,0,0,0
Bangladesh,2007-08-01,0,0,0,0,0,0
Bangladesh,2007-09-01,0,0,0,0,0,0
Bangladesh,2007-10-01,0,0,0,0,0,0
Bangladesh,2007-11-01,0,0,0,0,0,0
Bangladesh,2007-12-01,0,0,0,0,0,0
Bangladesh,2008-01-01,0,0,0,0,0,0
Bangladesh,2008-02-01,0,0,0,0,0,0
Bangladesh,2008-03-01,0,0,0,0,0,0
Bangladesh,2008-04-01,0,0,0,0,0,0
Bangladesh,2008-05-01,0,0,0,0,0,0
Bangladesh,2008-06-01,0,0,0,0,0,0
Bangladesh,2008-07-01,0,0,0,0,0,0
Bangladesh,2008-08-01,0,0,0,0,0,0
Bangladesh,2008-09-01,0,0,0,0,0,0
Bangladesh,2008-10-01,0,0,0,0,0,0
Bangladesh,2008-11-01,0,0,0,0,0,0
Bangladesh,2008-12-01,0,0,0,0,0,0
Bangladesh,2009-01-01,0,0,0,0,0,0
Bangladesh,2009-02-01,0,0,0,0,0,0
Bangladesh,2009-03-01,0,0,0,0,0,0
Bangladesh,2009-04-01,0,0,0,0,0,0
Bangladesh,2009-05-01,0,0,0,0,0,0
Bangladesh,2009-06-01,0,0,0,0,0,0
Bangladesh,2009-07-01,0,0,0,0,0,0
Bangladesh,2009-08-01,0,0,0,0,0,0
Bangladesh,2009-09-01,0,0,0,0,0,0
Bangladesh,2009-10-01,0,0,0,0,0,0
Bangladesh,2009-11-01,0,0,0,0,0,0
Bangladesh,2009-12-01,0,0,0,0,0,0
Bangladesh,2010-01-01,0,0,0,0,0,0
Bangladesh,2010-02-01,0,0,0,0,0,0
Bangladesh,2010-03-01,0,0,0,0,0,0
Bangladesh,2010-04-01,0,0,0,0,0,0
Bangladesh,2010-05-01,0,0,0,0,0,0
Bangladesh,2010-06-01,0,0,0,0,0,0
Bangladesh,2010-07-01,0,0,0,0,0,0
Bangladesh,2010-08-01,0,0,0,0,0,0
Bangladesh,2010-09-01,0,0,0,0,0,0
Bangladesh,2010-10-01,0,0,0,0,0,0
Bangladesh,2010-11-01,0,0,0,0,0,0
Bangladesh,2010-12-01,0,0,0,0,0,0
Bangladesh,2011-01-01,0,0,0,0,0,0
Bangladesh,2011-02-01,0,0,0,0,0,0
Bangladesh,2011-03-01,0,0,0,0,0,0
Bangladesh,2011-04-01,0,0,0,0,0,0
Bangladesh,2011-05-01,0,0,0,0,0,0
Bangladesh,2011-06-01,0,0,0,0,0,0
Bangladesh,2011-07-01,0,0,0,0,0,0
Bangladesh,2011-08-01,0,0,0,0,0,0
Bangladesh,2011-09-01,0,0,0,0,0,0
Bangladesh,2011-10-01,0,0,0,0,0,0
Bangladesh,2011-11-01,0,0,0,0,0,0
Bangladesh,2011-12-01,0,0,0,0,0,0
Bangladesh,2012-01-01,0,0,0,0,0,0
Bangladesh,2012-02-01,0,0,0,0,0,0
Bangladesh,2012-03-01,0,0,0,0,0,0
Bangladesh,2012-04-01,23,2,0,3,0,28
Bangladesh,2012-05-01,38,0,0,5,0,43
Bangladesh,2012-06-01,27,0,1,3,0,31
Bangladesh,2012-07-01,35,0,0,29,5,69
Bangladesh,2012-08-01,61,0,0,35,6,102
Bangladesh,2012-09-01,20,0,-2,27,8,53
Bangladesh,2012-10-01,25,0,3,7,0,35
Bangladesh,2012-11-01,18,0,-1,22,8,47
Bangladesh,2012-12-01,34,0,0,33,3,70
Bangladesh,2013-01-01,23,0,-4,21,5,45
Bangladesh,2013-02-01,44,0,1,39,16,100
Bangladesh,2013-03-01,31,0,0,8,10,49
Bangladesh,2013-04-01,375,0,-5,234,132,736
Bangladesh,2013-05-01,419,10,-15,216,159,789
Bangladesh,2013-06-01,442,26,-10,252,176,886
Bangladesh,2013-07-01,541,16,-14,297,248,1088
Bangladesh,2013-08-01,735,20,-2,403,343,1499
Bangladesh,2013-09-01,635,20,-21,310,282,1226
Bangladesh,2013-10-01,629,20,-4,387,283,1315
Bangladesh,2013-11-01,713,20,-23,450,392,1552
Bangladesh,2013-12-01,805,16,-11,433,465,1708
Bangladesh,2014-01-01,675,6,-10,367,329,1367
Bangladesh,2014-02-01,613,20,-2,335,284,1250
Bangladesh,2014-03-01,555,24,-10,261,226,1056
Bangladesh,2014-04-01,581,24,-6,282,264,1145
Bangladesh,2014-05-01,626,18,-16,337,210,1175
Bangladesh,2014-06-01,581,24,0,257,181,1043
Bangladesh,2014-07-01,593,20,-7,298,217,1121
Bangladesh,2014-08-01,695,16,-17,384,289,1367
Bangladesh,2014-09-01,648,40,-30,350,309,1317
Bangladesh,2014-10-01,783,40,5,392,338,1558
Bangladesh,2014-11-01,749,16,16,440,325,1546
Bangladesh,2014-12-01,641,18,-6,357,311,1321
Bangladesh,2015-01-01,832,18,-21,464,451,1744
Bangladesh,2015-02-01,480,12,-8,227,281,992
Cameroon,2003-06-01,2,0,0,0,0,2
Cameroon,2003-07-01,0,0,0,0,0,0
Cameroon,2003-08-01,0,0,0,0,0,0
Cameroon,2003-09-01,0,0,0,0,0,0
Cameroon,2003-10-01,0,0,0,0,0,0
Cameroon,2003-11-01,0,0,0,0,0,0
Cameroon,2003-12-01,0,0,0,0,0,0
Cameroon,2004-01-01,1,0,0,0,0,1
Cameroon,2004-02-01,0,0,0,0,0,0
Cameroon,2004-03-01,0,0,0,0,0,0
Cameroon,2004-04-01,0,0,0,0,0,0
Cameroon,2004-05-01,0,0,0,0,0,0
Cameroon,2004-06-01,0,0,0,0,0,0
Cameroon,2004-07-01,0,0,0,0,0,0
Cameroon,2004-08-01,0,0,0,0,0,0
Cameroon,2004-09-01,0,0,0,0,0,0
Cameroon,2004-10-01,0,0,0,0,0,0
Cameroon,2004-11-01,0,0,0,5,0,5
Cameroon,2004-12-01,0,0,0,0,0,0
Cameroon,2005-01-01,0,0,0,0,0,0
Cameroon,2005-02-01,0,0,0,0,0,0
Cameroon,2005-03-01,0,0,0,0,0,0
Cameroon,2005-04-01,0,0,0,0,0,0
Cameroon,2005-05-01,0,0,0,0,0,0
Cameroon,2005-06-01,0,0,0,0,0,0
Cameroon,2005-07-01,0,0,0,0,0,0
Cameroon,2005-08-01,0,0,0,0,0,0
Cameroon,2005-09-01,0,0,0,0,0,0
Cameroon,2005-10-01,0,0,0,0,0,0
Cameroon,2005-11-01,0,0,0,0,0,0
Cameroon,2005-12-01,0,0,0,0,0,0
Cameroon,2006-01-01,0,0,0,0,0,0
Cameroon,2006-02-01,0,0,0,0,0,0
Cameroon,2006-03-01,0,0,0,0,0,0
Cameroon,2006-04-01,0,0,0,0,0,0
Cameroon,2006-05-01,0,0,0,0,0,0
Cameroon,2006-06-01,0,0,0,0,0,0
Cameroon,2006-07-01,0,0,0,0,0,0
Cameroon,2006-08-01,0,0,0,0,0,0
Cameroon,2006-09-01,0,0,0,0,0,0
Cameroon,2006-10-01,0,0,0,0,0,0
Cameroon,2006-11-01,0,0,0,0,0,0
Cameroon,2006-12-01,0,0,0,0,0,0
Cameroon,2007-01-01,0,0,0,0,0,0
Cameroon,2007-02-01,0,0,0,0,0,0
Cameroon,2007-03-01,0,0,0,0,0,0
Cameroon,2007-04-01,0,0,0,0,0,0
Cameroon,2007-05-01,0,0,0,0,0,0
Cameroon,2007-06-01,0,0,0,0,0,0
Cameroon,2007-07-01,0,0,0,0,0,0
Cameroon,2007-08-01,0,0,0,0,0,0
Cameroon,2007-09-01,0,0,0,0,0,0
Cameroon,2007-10-01,0,0,0,0,0,0
Cameroon,2007-11-01,0,0,0,0,0,0
Cameroon,2007-12-01,0,0,0,0,0,0
Cameroon,2008-01-01,0,0,0,0,0,0
Cameroon,2008-02-01,0,0,0,0,0,0
Cameroon,2008-03-01,0,0,0,0,0,0
Cameroon,2008-04-01,0,0,0,0,0,0
Cameroon,2008-05-01,0,0,0,0,0,0
Cameroon,2008-06-01,0,0,0,0,0,0
Cameroon,2008-07-01,0,0,0,0,0,0
Cameroon,2008-08-01,0,0,0,0,0,0
Cameroon,2008-09-01,0,0,0,0,0,0
Cameroon,2008-10-01,0,0,0,0,0,0
Cameroon,2008-11-01,0,0,0,0,0,0
Cameroon,2008-12-01,0,0,0,0,0,0
Cameroon,2009-01-01,0,0,0,0,0,0
Cameroon,2009-02-01,0,0,0,0,0,0
Cameroon,2009-03-01,0,0,0,0,0,0
Cameroon,2009-04-01,0,0,0,0,0,0
Cameroon,2009-05-01,0,0,0,0,0,0
Cameroon,2009-06-01,0,0,0,0,0,0
Cameroon,2009-07-01,0,0,0,0,0,0
Cameroon,2009-08-01,0,0,0,0,0,0
Cameroon,2009-09-01,0,0,0,0,0,0
Cameroon,2009-10-01,0,0,0,0,0,0
Cameroon,2009-11-01,0,0,0,0,0,0
Cameroon,2009-12-01,0,0,0,0,0,0
Cameroon,2010-01-01,0,0,0,0,0,0
Cameroon,2010-02-01,0,0,0,0,0,0
Cameroon,2010-03-01,0,0,0,0,0,0
Cameroon,2010-04-01,0,0,0,0,0,0
Cameroon,2010-05-01,0,0,0,0,0,0
Cameroon,2010-06-01,0,0,0,0,0,0
Cameroon,2010-07-01,0,0,0,0,0,0
Cameroon,2010-08-01,0,0,0,0,0,0
Cameroon,2010-09-01,0,0,0,0,0,0
Cameroon,2010-10-01,0,0,0,0,0,0
Cameroon,2010-11-01,0,0,0,0,0,0
Cameroon,2010-12-01,0,0,0,0,0,0
Cameroon,2011-01-01,0,0,0,0,0,0
Cameroon,2011-02-01,0,0,0,0,0,0
Cameroon,2011-03-01,0,0,0,0,0,0
Cameroon,2011-04-01,0,0,0,0,0,0
Cameroon,2011-05-01,0,0,0,0,0,0
Cameroon,2011-06-01,0,0,0,0,0,0
Cameroon,2011-07-01,0,0,0,0,0,0
Cameroon,2011-08-01,0,0,0,0,0,0
Cameroon,2011-09-01,0,0,0,0,0,0
Cameroon,2011-10-01,0,0,0,0,0,0
Cameroon,2011-11-01,0,0,0,0,0,0
Cameroon,2011-12-01,0,0,0,0,0,0
Cameroon,2012-01-01,0,0,0,0,0,0
Cameroon,2012-02-01,0,0,0,0,0,0
Cameroon,2012-03-01,0,0,0,0,0,0
Cameroon,2012-04-01,0,0,0,0,1,1
Cameroon,2012-05-01,9,0,1,6,0,16
Cameroon,2012-06-01,0,0,0,0,0,0
Cameroon,2012-07-01,15,0,0,6,0,21
Cameroon,2012-08-01,0,0,0,0,0,0
Cameroon,2012-09-01,0,0,0,6,1,7
Cameroon,2012-10-01,0,0,0,0,0,0
Cameroon,2012-11-01,0,0,0,3,1,4
Cameroon,2012-12-01,0,0,0,0,0,0
Cameroon,2013-01-01,4,0,0,3,0,7
Cameroon,2013-02-01,0,0,0,0,0,0
Cameroon,2013-03-01,14,0,-2,15,2,29
Cameroon,2013-04-01,76,4,0,69,13,162
Cameroon,2013-05-01,142,0,-3,65,9,213
Cameroon,2013-06-01,122,0,2,86,26,236
Cameroon,2013-07-01,190,4,-1,133,52,378
Cameroon,2013-08-01,282,4,-4,167,43,492
Cameroon,2013-09-01,240,12,0,102,44,398
Cameroon,2013-10-01,216,2,-1,67,30,314
Cameroon,2013-11-01,269,10,-1,156,50,484
Cameroon,2013-12-01,254,2,1,79,25,361
Cameroon,2014-01-01,290,6,-6,103,48,441
Cameroon,2014-02-01,365,12,8,103,77,565
Cameroon,2014-03-01,321,4,-6,66,38,423
Cameroon,2014-04-01,304,0,-5,135,33,467
Cameroon,2014-05-01,520,10,3,173,99,805
Cameroon,2014-06-01,308,2,-2,98,48,454
Cameroon,2014-07-01,332,10,-1,130,82,553
Cameroon,2014-08-01,371,14,-2,111,55,549
Cameroon,2014-09-01,400,12,2,134,51,599
Cameroon,2014-10-01,358,8,3,101,55,525
Cameroon,2014-11-01,344,2,-5,111,69,521
Cameroon,2014-12-01,357,10,-4,119,72,554
Cameroon,2015-01-01,640,32,4,132,146,954
Cameroon,2015-02-01,433,10,2,112,124,681
Democratic Republic of the Congo,2005-02-01,3,0,0,0,0,3
Democratic Republic of the Congo,2005-03-01,0,0,0,0,0,0
Democratic Republic of the Congo,2005-04-01,0,0,0,0,0,0
Democratic Republic of the Congo,2005-05-01,0,0,0,0,0,0
Democratic Republic of the Congo,2005-06-01,0,0,0,0,0,0
Democratic Republic of the Congo,2005-07-01,0,0,0,0,0,0
Democratic Republic of the Congo,2005-08-01,0,0,0,0,0,0
Democratic Republic of the Congo,2005-09-01,0,0,0,0,0,0
Democratic Republic of the Congo,2005-10-01,0,0,0,0,0,0
Democratic Republic of the Congo,2005-11-01,0,0,0,0,0,0
Democratic Republic of the Congo,2005-12-01,0,0,0,0,0,0
Democratic Republic of the Congo,2006-01-01,0,0,0,0,0,0
Democratic Republic of the Congo,2006-02-01,0,0,0,0,0,0
Democratic Republic of the Congo,2006-03-01,0,0,0,0,0,0
Democratic Republic of the Congo,2006-04-01,0,0,0,0,0,0
Democratic Republic of the Congo,2006-05-01,0,0,0,0,0,0
Democratic Republic of the Congo,2006-06-01,0,0,0,0,0,0
Democratic Republic of the Congo,2006-07-01,0,0,0,0,0,0
Democratic Republic of the Congo,2006-08-01,0,0,0,0,0,0
Democratic Republic of the Congo,2006-09-01,0,0,0,0,0,0
Democratic Republic of the Congo,2006-10-01,0,0,0,0,0,0
Democratic Republic of the Congo,2006-11-01,0,0,0,0,0,0
Democratic Republic of the Congo,2006-12-01,0,0,0,0,0,0
Democratic Republic of the Congo,2007-01-01,0,0,0,0,0,0
Democratic Republic of the Congo,2007-02-01,0,0,0,0,0,0
Democratic Republic of the Congo,2007-03-01,0,0,0,0,0,0
Democratic Republic of the Congo,2007-04-01,0,0,0,0,0,0
Democratic Republic of the Congo,2007-05-01,0,0,0,0,0,0
Democratic Republic of the Congo,2007-06-01,0,0,0,0,0,0
Democratic Republic of the Congo,2007-07-01,0,0,0,0,0,0
Democratic Republic of the Congo,2007-08-01,0,0,0,0,0,0
Democratic Republic of the Congo,2007-09-01,0,0,0,0,0,0
Democratic Republic of the Congo,2007-10-01,0,0,0,0,0,0
Democratic Republic of the Congo,2007-11-01,0,0,0,0,0,0
Democratic Republic of the Congo,2007-12-01,0,0,0,0,0,0
Democratic Republic of the Congo,2008-01-01,0,0,0,0,0,0
Democratic Republic of the Congo,2008-02-01,0,0,0,0,0,0
Democratic Republic of the Congo,2008-03-01,0,0,0,0,0,0
Democratic Republic of the Congo,2008-04-01,0,0,0,0,0,0
Democratic Republic of the Congo,2008-05-01,0,0,0,0,0,0
Democratic Republic of the Congo,2008-06-01,0,0,0,0,0,0
Democratic Republic of the Congo,2008-07-01,0,0,0,0,0,0
Democratic Republic of the Congo,2008-08-01,0,0,0,0,0,0
Democratic Republic of the Congo,2008-09-01,0,0,0,0,0,0
Democratic Republic of the Congo,2008-10-01,0,0,0,0,0,0
Democratic Republic of the Congo,2008-11-01,0,0,0,0,0,0
Democratic Republic of the Congo,2008-12-01,0,0,0,0,0,0
Democratic Republic of the Congo,2009-01-01,0,0,0,0,0,0
Democratic Republic of the Congo,2009-02-01,0,0,0,0,0,0
Democratic Republic of the Congo,2009-03-01,0,0,0,0,0,0
Democratic Republic of the Congo,2009-04-01,0,0,0,0,0,0
Democratic Republic of the Congo,2009-05-01,0,0,0,0,0,0
Democratic Republic of the Congo,2009-06-01,0,0,0,0,0,0
Democratic Republic of the Congo,2009-07-01,0,0,0,0,0,0
Democratic Republic of the Congo,2009-08-01,0,0,0,0,0,0
Democratic Republic of the Congo,2009-09-01,0,0,0,0,0,0
Democratic Republic of the Congo,2009-10-01,0,0,0,0,0,0
Democratic Republic of the Congo,2009-11-01,0,0,0,0,0,0
Democratic Republic of the Congo,2009-12-01,0,0,0,0,0,0
Democratic Republic of the Congo,2010-01-01,0,0,0,0,0,0
Democratic Republic of the Congo,2010-02-01,0,0,0,0,0,0
Democratic Republic of the Congo,2010-03-01,0,0,0,0,0,0
Democratic Republic of the Congo,2010-04-01,0,0,0,0,0,0
Democratic Republic of the Congo,2010-05-01,0,0,0,0,0,0
Democratic Republic of the Congo,2010-06-01,0,0,0,0,0,0
Democratic Republic of the Congo,2010-07-01,0,0,0,0,0,0
Democratic Republic of the Congo,2010-08-01,0,0,0,0,0,0
Democratic Republic of the Congo,2010-09-01,0,0,0,0,0,0
Democratic Republic of the Congo,2010-10-01,0,0,0,0,0,0
Democratic Republic of the Congo,2010-11-01,0,0,0,0,0,0
Democratic Republic of the Congo,2010-12-01,0,0,0,0,0,0
Democratic Republic of the Congo,2011-01-01,0,0,0,0,0,0
Democratic Republic of the Congo,2011-02-01,0,0,0,0,0,0
Democratic Republic of the Congo,2011-03-01,0,0,0,0,0,0
Democratic Republic of the Congo,2011-04-01,0,0,0,0,0,0
Democratic Republic of the Congo,2011-05-01,0,0,0,0,0,0
Democratic Republic of the Congo,2011-06-01,0,0,0,0,0,0
Democratic Republic of the Congo,2011-07-01,0,0,0,0,0,0
Democratic Republic of the Congo,2011-08-01,0,0,0,0,0,0
Democratic Republic of the Congo,2011-09-01,0,0,0,0,0,0
Democratic Republic of the Congo,2011-10-01,0,0,0,0,0,0
Democratic Republic of the Congo,2011-11-01,0,0,0,0,0,0
Democratic Republic of the Congo,2011-12-01,0,0,0,0,0,0
Democratic Republic of the Congo,2012-01-01,0,0,0,0,0,0
Democratic Republic of the Congo,2012-02-01,0,0,0,0,0,0
Democratic Republic of the Congo,2012-03-01,0,0,0,0,0,0
Democratic Republic of the Congo,2012-04-01,4,0,0,0,1,5
Democratic Republic of the Congo,2012-05-01,-3,0,0,3,2,2
Democratic Republic of the Congo,2012-06-01,3,0,0,0,0,3
Democratic Republic of the Congo,2012-07-01,6,0,0,3,1,10
Democratic Republic of the Congo,2012-08-01,0,0,0,0,0,0
Democratic Republic of the Congo,2012-09-01,0,0,0,0,0,0
Democratic Republic of the Congo,2012-10-01,12,0,0,6,4,22
Democratic Republic of the Congo,2012-11-01,1,0,0,0,2,3
Democratic Republic of the Congo,2012-12-01,0,0,0,0,0,0
Democratic Republic of the Congo,2013-01-01,9,0,0,0,2,11
Democratic Republic of the Congo,2013-02-01,18,0,0,0,0,18
Democratic Republic of the Congo,2013-03-01,6,0,0,0,0,6
Democratic Republic of the Congo,2013-04-01,40,0,-2,25,16,79
Democratic Republic of the Congo,2013-05-01,115,0,0,17,18,150
Democratic Republic of the Congo,2013-06-01,56,2,-1,14,11,82
Democratic Republic of the Congo,2013-07-01,134,2,2,34,24,196
Democratic Republic of the Congo,2013-08-01,217,6,-1,41,38,301
Democratic Republic of the Congo,2013-09-01,108,2,-2,45,17,170
Democratic Republic of the Congo,2013-10-01,222,2,2,64,36,326
Democratic Republic of the Congo,2013-11-01,168,0,3,27,37,235
Democratic Republic of the Congo,2013-12-01,184,2,-2,48,33,265
Democratic Republic of the Congo,2014-01-01,138,4,3,53,34,232
Democratic Republic of the Congo,2014-02-01,137,4,-5,58,34,228
Democratic Republic of the Congo,2014-03-01,113,2,-6,45,28,182
Democratic Republic of the Congo,2014-04-01,170,4,1,31,29,235
Democratic Republic of the Congo,2014-05-01,146,0,-3,57,32,232
Democratic Republic of the Congo,2014-06-01,119,0,-3,44,34,194
Democratic Republic of the Congo,2014-07-01,179,0,-1,47,28,253
Democratic Republic of the Congo,2014-08-01,136,2,-2,27,26,189
Democratic Republic of the Congo,2014-09-01,65,2,-4,20,27,110
Democratic Republic of the Congo,2014-10-01,188,2,-1,46,40,275
Democratic Republic of the Congo,2014-11-01,183,0,0,54,29,266
Democratic Republic of the Congo,2014-12-01,147,4,0,53,38,242
Democratic Republic of the Congo,2015-01-01,248,2,-9,126,111,478
Democratic Republic of the Congo,2015-02-01,100,0,2,24,18,144
Egypt,2003-05-01,0,0,0,3,0,3
Egypt,2003-06-01,0,0,0,0,0,0
Egypt,2003-07-01,0,0,0,0,0,0
Egypt,2003-08-01,0,0,0,0,0,0
Egypt,2003-09-01,0,0,-2,0,0,-2
Egypt,2003-10-01,3,0,0,0,0,3
Egypt,2003-11-01,0,0,0,0,0,0
Egypt,2003-12-01,0,0,0,6,0,6
Egypt,2004-01-01,0,0,0,0,0,0
Egypt,2004-02-01,0,0,0,0,0,0
Egypt,2004-03-01,0,0,0,9,0,9
Egypt,2004-04-01,1,0,0,6,0,7
Egypt,2004-05-01,0,0,0,3,0,3
Egypt,2004-06-01,0,0,0,0,0,0
Egypt,2004-07-01,0,0,0,3,0,3
Egypt,2004-08-01,0,0,0,-2,3,1
Egypt,2004-09-01,6,0,0,0,0,6
Egypt,2004-10-01,0,0,0,0,0,0
Egypt,2004-11-01,0,0,0,0,0,0
Egypt,2004-12-01,0,0,0,0,0,0
Egypt,2005-01-01,3,0,0,0,0,3
Egypt,2005-02-01,0,0,0,0,0,0
Egypt,2005-03-01,0,0,0,0,0,0
Egypt,2005-04-01,0,0,0,0,0,0
Egypt,2005-05-01,0,0,0,0,0,0
Egypt,2005-06-01,0,0,0,0,0,0
Egypt,2005-07-01,0,0,0,0,0,0
Egypt,2005-08-01,0,0,0,0,0,0
Egypt,2005-09-01,0,0,0,0,0,0
Egypt,2005-10-01,0,0,0,0,0,0
Egypt,2005-11-01,0,0,0,0,0,0
Egypt,2005-12-01,0,0,0,0,0,0
Egypt,2006-01-01,0,0,0,0,0,0
Egypt,2006-02-01,0,0,0,0,0,0
Egypt,2006-03-01,0,0,0,0,0,0
Egypt,2006-04-01,0,0,0,0,0,0
Egypt,2006-05-01,0,0,0,0,0,0
Egypt,2006-06-01,0,0,0,0,0,0
Egypt,2006-07-01,0,0,0,0,0,0
Egypt,2006-08-01,0,0,0,0,0,0
Egypt,2006-09-01,0,0,0,0,0,0
Egypt,2006-10-01,0,0,0,0,0,0
Egypt,2006-11-01,0,0,0,0,0,0
Egypt,2006-12-01,0,0,0,0,0,0
Egypt,2007-01-01,0,0,0,0,0,0
Egypt,2007-02-01,0,0,0,0,0,0
Egypt,2007-03-01,0,0,0,0,0,0
Egypt,2007-04-01,0,0,0,0,0,0
Egypt,2007-05-01,0,0,0,0,0,0
Egypt,2007-06-01,0,0,0,0,0,0
Egypt,2007-07-01,0,0,0,0,0,0
Egypt,2007-08-01,0,0,0,0,0,0
Egypt,2007-09-01,0,0,0,0,0,0
Egypt,2007-10-01,0,0,0,0,0,0
Egypt,2007-11-01,0,0,0,0,0,0
Egypt,2007-12-01,0,0,0,0,0,0
Egypt,2008-01-01,0,0,0,0,0,0
Egypt,2008-02-01,0,0,0,0,0,0
Egypt,2008-03-01,0,0,0,0,0,0
Egypt,2008-04-01,0,0,0,0,0,0
Egypt,2008-05-01,0,0,0,0,0,0
Egypt,2008-06-01,0,0,0,0,0,0
Egypt,2008-07-01,0,0,0,0,0,0
Egypt,2008-08-01,0,0,0,0,0,0
Egypt,2008-09-01,0,0,0,0,0,0
Egypt,2008-10-01,0,0,0,0,0,0
Egypt,2008-11-01,0,0,0,0,0,0
Egypt,2008-12-01,0,0,0,0,0,0
Egypt,2009-01-01,0,0,0,0,0,0
Egypt,2009-02-01,0,0,0,0,0,0
Egypt,2009-03-01,0,0,0,0,0,0
Egypt,2009-04-01,0,0,0,0,0,0
Egypt,2009-05-01,0,0,0,0,0,0
Egypt,2009-06-01,0,0,0,0,0,0
Egypt,2009-07-01,0,0,0,0,0,0
Egypt,2009-08-01,0,0,0,0,0,0
Egypt,2009-09-01,0,0,0,0,0,0
Egypt,2009-10-01,0,0,0,0,0,0
Egypt,2009-11-01,0,0,0,0,0,0
Egypt,2009-12-01,0,0,0,0,0,0
Egypt,2010-01-01,0,0,0,0,0,0
Egypt,2010-02-01,0,0,0,0,0,0
Egypt,2010-03-01,0,0,0,0,0,0
Egypt,2010-04-01,0,0,0,0,0,0
Egypt,2010-05-01,0,0,0,0,0,0
Egypt,2010-06-01,0,0,0,0,0,0
Egypt,2010-07-01,0,0,0,0,0,0
Egypt,2010-08-01,0,0,0,0,0,0
Egypt,2010-09-01,0,0,0,0,0,0
Egypt,2010-10-01,0,0,0,0,0,0
Egypt,2010-11-01,0,0,0,0,0,0
Egypt,2010-12-01,0,0,0,0,0,0
Egypt,2011-01-01,0,0,0,0,0,0
Egypt,2011-02-01,0,0,0,0,0,0
Egypt,2011-03-01,0,0,0,0,0,0
Egypt,2011-04-01,0,0,0,0,0,0
Egypt,2011-05-01,0,0,0,0,0,0
Egypt,2011-06-01,0,0,0,0,0,0
Egypt,2011-07-01,0,0,0,0,0,0
Egypt,2011-08-01,0,0,0,0,0,0
Egypt,2011-09-01,0,0,0,0,0,0
Egypt,2011-10-01,0,0,0,0,0,0
Egypt,2011-11-01,0,0,0,0,0,0
Egypt,2011-12-01,0,0,0,0,0,0
Egypt,2012-01-01,0,0,0,0,0,0
Egypt,2012-02-01,0,0,0,0,0,0
Egypt,2012-03-01,0,0,0,0,0,0
Egypt,2012-04-01,31,0,2,27,2,62
Egypt,2012-05-01,26,0,-2,19,0,43
Egypt,2012-06-01,37,0,0,29,5,71
Egypt,2012-07-01,76,2,-10,56,17,141
Egypt,2012-08-01,89,4,1,69,14,177
Egypt,2012-09-01,62,2,0,6,1,71
Egypt,2012-10-01,46,0,0,29,3,78
Egypt,2012-11-01,59,0,-2,48,12,117
Egypt,2012-12-01,34,2,0,25,12,73
Egypt,2013-01-01,24,0,2,26,13,65
Egypt,2013-02-01,82,0,-4,55,31,164
Egypt,2013-03-01,118,0,0,110,34,262
Egypt,2013-04-01,610,32,-17,341,228,1194
Egypt,2013-05-01,592,12,-14,314,186,1090
Egypt,2013-06-01,915,32,-20,516,403,1846
Egypt,2013-07-01,1840,70,-17,964,727,3584
Egypt,2013-08-01,1938,78,-11,1065,680,3750
Egypt,2013-09-01,1373,50,-27,892,633,2921
Egypt,2013-10-01,1191,47,-20,666,589,2473
Egypt,2013-11-01,1097,49,4,743,550,2443
Egypt,2013-12-01,1126,40,-28,740,642,2520
Egypt,2014-01-01,1152,18,-27,634,508,2285
Egypt,2014-02-01,1062,38,-49,585,472,2108
Egypt,2014-03-01,1042,44,-43,661,455,2159
Egypt,2014-04-01,1024,50,-18,569,464,2089
Egypt,2014-05-01,915,52,-17,518,471,1939
Egypt,2014-06-01,921,48,-1,590,415,1973
Egypt,2014-07-01,1281,85,15,508,443,2332
Egypt,2014-08-01,1225,62,-3,533,416,2233
Egypt,2014-09-01,1018,54,-3,469,450,1988
Egypt,2014-10-01,1155,46,-3,593,535,2326
Egypt,2014-11-01,949,30,-35,615,476,2035
Egypt,2014-12-01,902,26,-18,603,330,1843
Egypt,2015-01-01,1088,44,-14,697,521,2336
Egypt,2015-02-01,660,30,-8,389,299,1370
Eritrea,2003-09-01,0,0,0,0,0,0
Eritrea,2003-10-01,6,0,0,0,0,6
Eritrea,2003-11-01,0,0,0,0,0,0
Eritrea,2003-12-01,0,0,0,0,0,0
Eritrea,2004-01-01,0,0,0,0,0,0
Eritrea,2004-02-01,0,0,0,0,0,0
Eritrea,2004-03-01,0,0,0,0,0,0
Eritrea,2004-04-01,0,0,0,0,0,0
Eritrea,2004-05-01,0,0,0,0,0,0
Eritrea,2004-06-01,0,0,0,0,0,0
Eritrea,2004-07-01,0,0,0,0,0,0
Eritrea,2004-08-01,0,0,0,0,0,0
Eritrea,2004-09-01,0,0,0,3,0,3
Eritrea,2004-10-01,0,0,0,0,0,0
Eritrea,2004-11-01,0,0,0,0,0,0
Eritrea,2004-12-01,0,0,0,0,0,0
Eritrea,2005-01-01,0,0,0,0,0,0
Eritrea,2005-02-01,0,0,0,0,0,0
Eritrea,2005-03-01,0,0,0,0,0,0
Eritrea,2005-04-01,0,0,0,0,0,0
Eritrea,2005-05-01,0,0,0,0,0,0
Eritrea,2005-06-01,0,0,0,0,0,0
Eritrea,2005-07-01,0,0,0,0,0,0
Eritrea,2005-08-01,0,0,0,0,0,0
Eritrea,2005-09-01,0,0,0,0,0,0
Eritrea,2005-10-01,0,0,0,0,0,0
Eritrea,2005-11-01,0,0,0,0,0,0
Eritrea,2005-12-01,0,0,0,0,0,0
Eritrea,2006-01-01,0,0,0,0,0,0
Eritrea,2006-02-01,0,0,0,0,0,0
Eritrea,2006-03-01,0,0,0,0,0,0
Eritrea,2006-04-01,0,0,0,0,0,0
Eritrea,2006-05-01,0,0,0,0,0,0
Eritrea,2006-06-01,0,0,0,0,0,0
Eritrea,2006-07-01,0,0,0,0,0,0
Eritrea,2006-08-01,0,0,0,0,0,0
Eritrea,2006-09-01,0,0,0,0,0,0
Eritrea,2006-10-01,0,0,0,0,0,0
Eritrea,2006-11-01,0,0,0,0,0,0
Eritrea,2006-12-01,0,0,0,0,0,0
Eritrea,2007-01-01,0,0,0,0,0,0
Eritrea,2007-02-01,0,0,0,0,0,0
Eritrea,2007-03-01,0,0,0,0,0,0
Eritrea,2007-04-01,0,0,0,0,0,0
Eritrea,2007-05-01,0,0,0,0,0,0
Eritrea,2007-06-01,0,0,0,0,0,0
Eritrea,2007-07-01,0,0,0,0,0,0
Eritrea,2007-08-01,0,0,0,0,0,0
Eritrea,2007-09-01,0,0,0,0,0,0
Eritrea,2007-10-01,0,0,0,0,0,0
Eritrea,2007-11-01,0,0,0,0,0,0
Eritrea,2007-12-01,0,0,0,0,0,0
Eritrea,2008-01-01,0,0,0,0,0,0
Eritrea,2008-02-01,0,0,0,0,0,0
Eritrea,2008-03-01,0,0,0,0,0,0
Eritrea,2008-04-01,0,0,0,0,0,0
Eritrea,2008-05-01,0,0,0,0,0,0
Eritrea,2008-06-01,0,0,0,0,0,0
Eritrea,2008-07-01,0,0,0,0,0,0
Eritrea,2008-08-01,0,0,0,0,0,0
Eritrea,2008-09-01,0,0,0,0,0,0
Eritrea,2008-10-01,0,0,0,0,0,0
Eritrea,2008-11-01,0,0,0,0,0,0
Eritrea,2008-12-01,0,0,0,0,0,0
Eritrea,2009-01-01,0,0,0,0,0,0
Eritrea,2009-02-01,0,0,0,0,0,0
Eritrea,2009-03-01,0,0,0,0,0,0
Eritrea,2009-04-01,0,0,0,0,0,0
Eritrea,2009-05-01,0,0,0,0,0,0
Eritrea,2009-06-01,0,0,0,0,0,0
Eritrea,2009-07-01,0,0,0,0,0,0
Eritrea,2009-08-01,0,0,0,0,0,0
Eritrea,2009-09-01,0,0,0,0,0,0
Eritrea,2009-10-01,0,0,0,0,0,0
Eritrea,2009-11-01,0,0,0,0,0,0
Eritrea,2009-12-01,0,0,0,0,0,0
Eritrea,2010-01-01,0,0,0,0,0,0
Eritrea,2010-02-01,0,0,0,0,0,0
Eritrea,2010-03-01,0,0,0,0,0,0
Eritrea,2010-04-01,0,0,0,0,0,0
Eritrea,2010-05-01,0,0,0,0,0,0
Eritrea,2010-06-01,0,0,0,0,0,0
Eritrea,2010-07-01,0,0,0,0,0,0
Eritrea,2010-08-01,0,0,0,0,0,0
Eritrea,2010-09-01,0,0,0,0,0,0
Eritrea,2010-10-01,0,0,0,0,0,0
Eritrea,2010-11-01,0,0,0,0,0,0
Eritrea,2010-12-01,0,0,0,0,0,0
Eritrea,2011-01-01,0,0,0,0,0,0
Eritrea,2011-02-01,0,0,0,0,0,0
Eritrea,2011-03-01,0,0,0,0,0,0
Eritrea,2011-04-01,0,0,0,0,0,0
Eritrea,2011-05-01,0,0,0,0,0,0
Eritrea,2011-06-01,0,0,0,0,0,0
Eritrea,2011-07-01,0,0,0,0,0,0
Eritrea,2011-08-01,0,0,0,0,0,0
Eritrea,2011-09-01,0,0,0,0,0,0
Eritrea,2011-10-01,0,0,0,0,0,0
Eritrea,2011-11-01,0,0,0,0,0,0
Eritrea,2011-12-01,0,0,0,0,0,0
Eritrea,2012-01-01,0,0,0,0,0,0
Eritrea,2012-02-01,0,0,0,0,0,0
Eritrea,2012-03-01,0,0,0,0,0,0
Eritrea,2012-04-01,0,0,0,0,0,0
Eritrea,2012-05-01,3,0,0,0,0,3
Eritrea,2012-06-01,0,0,0,-2,0,-2
Eritrea,2012-07-01,0,0,0,3,0,3
Eritrea,2012-08-01,0,0,0,3,0,3
Eritrea,2012-09-01,3,0,0,3,0,6
Eritrea,2012-10-01,3,0,0,0,0,3
Eritrea,2012-11-01,2,0,0,0,0,2
Eritrea,2012-12-01,0,0,0,0,0,0
Eritrea,2013-01-01,0,0,0,5,0,5
Eritrea,2013-02-01,0,0,-2,0,0,-2
Eritrea,2013-03-01,0,0,0,0,0,0
Eritrea,2013-04-01,25,2,0,22,8,57
Eritrea,2013-05-01,52,0,0,37,8,97
Eritrea,2013-06-01,59,0,2,69,22,152
Eritrea,2013-07-01,60,0,2,70,17,149
Eritrea,2013-08-01,59,0,1,65,7,132
Eritrea,2013-09-01,54,2,0,55,4,115
Eritrea,2013-10-01,181,0,2,43,41,267
Eritrea,2013-11-01,130,10,0,45,16,201
Eritrea,2013-12-01,121,6,0,69,11,207
Eritrea,2014-01-01,114,0,2,46,30,192
Eritrea,2014-02-01,111,4,1,63,16,195
Eritrea,2014-03-01,99,10,2,69,13,193
Eritrea,2014-04-01,106,4,-3,49,12,168
Eritrea,2014-05-01,79,0,0,75,13,167
Eritrea,2014-06-01,102,2,3,92,29,228
Eritrea,2014-07-01,135,2,1,107,16,261
Eritrea,2014-08-01,129,4,-4,48,11,188
Eritrea,2014-09-01,111,4,1,92,19,227
Eritrea,2014-10-01,123,4,-4,59,17,199
Eritrea,2014-11-01,122,2,1,44,18,187
Eritrea,2014-12-01,103,2,2,33,20,160
Eritrea,2015-01-01,131,2,-2,86,37,254
Eritrea,2015-02-01,49,2,0,25,6,82
Georgia,2003-06-01,3,0,0,0,0,3
Georgia,2003-07-01,0,0,0,0,0,0
Georgia,2003-08-01,0,0,0,0,0,0
Georgia,2003-09-01,0,0,0,0,0,0
Georgia,2003-10-01,0,0,0,0,0,0
Georgia,2003-11-01,0,0,0,0,0,0
Georgia,2003-12-01,0,0,0,0,0,0
Georgia,2004-01-01,0,0,0,0,0,0
Georgia,2004-02-01,0,0,0,0,0,0
Georgia,2004-03-01,0,0,0,0,0,0
Georgia,2004-04-01,0,0,0,3,0,3
Georgia,2004-05-01,0,0,0,0,0,0
Georgia,2004-06-01,0,0,0,0,0,0
Georgia,2004-07-01,0,0,0,0,0,0
Georgia,2004-08-01,0,0,0,0,0,0
Georgia,2004-09-01,0,0,0,0,0,0
Georgia,2004-10-01,0,0,0,0,0,0
Georgia,2004-11-01,0,0,0,0,0,0
Georgia,2004-12-01,0,0,0,0,0,0
Georgia,2005-01-01,0,0,0,0,0,0
Georgia,2005-02-01,0,0,0,0,0,0
Georgia,2005-03-01,0,0,0,0,0,0
Georgia,2005-04-01,0,0,0,0,0,0
Georgia,2005-05-01,0,0,0,0,0,0
Georgia,2005-06-01,0,0,0,0,0,0
Georgia,2005-07-01,0,0,0,0,0,0
Georgia,2005-08-01,0,0,0,0,0,0
Georgia,2005-09-01,0,0,0,0,0,0
Georgia,2005-10-01,0,0,0,0,0,0
Georgia,2005-11-01,0,0,0,0,0,0
Georgia,2005-12-01,0,0,0,0,0,0
Georgia,2006-01-01,0,0,0,0,0,0
Georgia,2006-02-01,0,0,0,0,0,0
Georgia,2006-03-01,0,0,0,0,0,0
Georgia,2006-04-01,0,0,0,0,0,0
Georgia,2006-05-01,0,0,0,0,0,0
Georgia,2006-06-01,0,0,0,0,0,0
Georgia,2006-07-01,0,0,0,0,0,0
Georgia,2006-08-01,0,0,0,0,0,0
Georgia,2006-09-01,0,0,0,0,0,0
Georgia,2006-10-01,0,0,0,0,0,0
Georgia,2006-11-01,0,0,0,0,0,0
Georgia,2006-12-01,0,0,0,0,0,0
Georgia,2007-01-01,0,0,0,0,0,0
Georgia,2007-02-01,0,0,0,0,0,0
Georgia,2007-03-01,0,0,0,0,0,0
Georgia,2007-04-01,0,0,0,0,0,0
Georgia,2007-05-01,0,0,0,0,0,0
Georgia,2007-06-01,0,0,0,0,0,0
Georgia,2007-07-01,0,0,0,0,0,0
Georgia,2007-08-01,0,0,0,0,0,0
Georgia,2007-09-01,0,0,0,0,0,0
Georgia,2007-10-01,0,0,0,0,0,0
Georgia,2007-11-01,0,0,0,0,0,0
Georgia,2007-12-01,0,0,0,0,0,0
Georgia,2008-01-01,0,0,0,0,0,0
Georgia,2008-02-01,0,0,0,0,0,0
Georgia,2008-03-01,0,0,0,0,0,0
Georgia,2008-04-01,0,0,0,0,0,0
Georgia,2008-05-01,0,0,0,0,0,0
Georgia,2008-06-01,0,0,0,0,0,0
Georgia,2008-07-01,0,0,0,0,0,0
Georgia,2008-08-01,0,0,0,0,0,0
Georgia,2008-09-01,0,0,0,0,0,0
Georgia,2008-10-01,0,0,0,0,0,0
Georgia,2008-11-01,0,0,0,0,0,0
Georgia,2008-12-01,0,0,0,0,0,0
Georgia,2009-01-01,0,0,0,0,0,0
Georgia,2009-02-01,0,0,0,0,0,0
Georgia,2009-03-01,0,0,0,0,0,0
Georgia,2009-04-01,0,0,0,0,0,0
Georgia,2009-05-01,0,0,0,0,0,0
Georgia,2009-06-01,0,0,0,0,0,0
Georgia,2009-07-01,0,0,0,0,0,0
Georgia,2009-08-01,0,0,0,0,0,0
Georgia,2009-09-01,0,0,0,0,0,0
Georgia,2009-10-01,0,0,0,0,0,0
Georgia,2009-11-01,0,0,0,0,0,0
Georgia,2009-12-01,0,0,0,0,0,0
Georgia,2010-01-01,0,0,0,0,0,0
Georgia,2010-02-01,0,0,0,0,0,0
Georgia,2010-03-01,0,0,0,0,0,0
Georgia,2010-04-01,0,0,0,0,0,0
Georgia,2010-05-01,0,0,0,0,0,0
Georgia,2010-06-01,0,0,0,0,0,0
Georgia,2010-07-01,0,0,0,0,0,0
Georgia,2010-08-01,0,0,0,0,0,0
Georgia,2010-09-01,0,0,0,0,0,0
Georgia,2010-10-01,0,0,0,0,0,0
Georgia,2010-11-01,0,0,0,0,0,0
Georgia,2010-12-01,0,0,0,0,0,0
Georgia,2011-01-01,0,0,0,0,0,0
Georgia,2011-02-01,0,0,0,0,0,0
Georgia,2011-03-01,0,0,0,0,0,0
Georgia,2011-04-01,0,0,0,0,0,0
Georgia,2011-05-01,0,0,0,0,0,0
Georgia,2011-06-01,0,0,0,0,0,0
Georgia,2011-07-01,0,0,0,0,0,0
Georgia,2011-08-01,0,0,0,0,0,0
Georgia,2011-09-01,0,0,0,0,0,0
Georgia,2011-10-01,0,0,0,0,0,0
Georgia,2011-11-01,0,0,0,0,0,0
Georgia,2011-12-01,0,0,0,0,0,0
Georgia,2012-01-01,0,0,0,0,0,0
Georgia,2012-02-01,0,0,0,0,0,0
Georgia,2012-03-01,0,0,0,0,0,0
Georgia,2012-04-01,0,0,0,0,1,1
Georgia,2012-05-01,3,0,0,6,1,10
Georgia,2012-06-01,0,0,0,18,0,18
Georgia,2012-07-01,0,0,0,6,0,6
Georgia,2012-08-01,2,0,0,3,1,6
Georgia,2012-09-01,5,0,0,3,1,9
Georgia,2012-10-01,3,0,0,6,2,11
Georgia,2012-11-01,2,0,-2,2,0,2
Georgia,2012-12-01,0,0,0,6,0,6
Georgia,2013-01-01,2,0,-2,0,0,0
Georgia,2013-02-01,0,0,0,1,1,2
Georgia,2013-03-01,4,0,0,3,0,7
Georgia,2013-04-01,119,2,-6,28,28,171
Georgia,2013-05-01,114,2,-8,95,39,242
Georgia,2013-06-01,180,0,-18,72,34,268
Georgia,2013-07-01,173,0,-11,118,33,313
Georgia,2013-08-01,287,5,-8,88,62,434
Georgia,2013-09-01,261,2,-32,84,49,364
Georgia,2013-10-01,222,8,-21,106,48,363
Georgia,2013-11-01,187,0,-36,79,48,278
Georgia,2013-12-01,156,2,-15,84,46,273
Georgia,2014-01-01,129,0,-5,82,25,231
Georgia,2014-02-01,186,4,2,71,51,314
Georgia,2014-03-01,245,2,-1,61,59,366
Georgia,2014-04-01,183,4,-5,82,43,307
Georgia,2014-05-01,160,2,-11,36,53,240
Georgia,2014-06-01,213,0,-20,88,51,332
Georgia,2014-07-01,229,2,-5,106,48,380
Georgia,2014-08-01,190,2,-3,130,45,364
Georgia,2014-09-01,204,2,-2,59,30,293
Georgia,2014-10-01,250,0,-2,109,33,390
Georgia,2014-11-01,182,10,-28,86,48,298
Georgia,2014-12-01,148,0,-6,57,24,223
Georgia,2015-01-01,166,0,-10,37,18,211
Georgia,2015-02-01,114,0,-13,57,15,173
India,2003-04-01,0,0,0,-2,0,-2
India,2003-05-01,11,0,0,-1,0,10
India,2003-06-01,-1,0,0,0,0,-1
India,2003-07-01,0,0,0,0,0,0
India,2003-08-01,0,0,0,1,1,2
India,2003-09-01,1,0,0,0,0,1
India,2003-10-01,3,0,0,0,0,3
India,2003-11-01,0,0,0,0,0,0
India,2003-12-01,8,0,0,3,0,11
India,2004-01-01,5,0,0,0,0,5
India,2004-02-01,0,0,0,3,0,3
India,2004-03-01,-1,0,0,0,0,-1
India,2004-04-01,6,0,0,0,2,8
India,2004-05-01,9,0,0,3,0,12
India,2004-06-01,6,0,0,0,0,6
India,2004-07-01,4,0,0,0,0,4
India,2004-08-01,0,0,0,0,0,0
India,2004-09-01,0,0,0,0,0,0
India,2004-10-01,1,0,0,0,0,1
India,2004-11-01,2,0,0,0,0,2
India,2004-12-01,3,0,0,-2,0,1
India,2005-01-01,4,0,0,0,0,4
India,2005-02-01,3,0,0,0,0,3
India,2005-03-01,0,0,0,0,0,0
India,2005-04-01,0,0,0,0,0,0
India,2005-05-01,0,0,0,0,0,0
India,2005-06-01,0,0,0,0,0,0
India,2005-07-01,0,0,0,0,0,0
India,2005-08-01,0,0,0,0,0,0
India,2005-09-01,0,0,0,0,0,0
India,2005-10-01,0,0,0,0,0,0
India,2005-11-01,0,0,0,0,0,0
India,2005-12-01,0,0,0,0,0,0
India,2006-01-01,0,0,0,0,0,0
India,2006-02-01,0,0,0,0,0,0
India,2006-03-01,0,0,0,0,0,0
India,2006-04-01,0,0,0,0,0,0
India,2006-05-01,0,0,0,0,0,0
India,2006-06-01,0,0,0,0,0,0
India,2006-07-01,0,0,0,0,0,0
India,2006-08-01,0,0,0,0,0,0
India,2006-09-01,0,0,0,0,0,0
India,2006-10-01,0,0,0,0,0,0
India,2006-11-01,0,0,0,0,0,0
India,2006-12-01,0,0,0,0,0,0
India,2007-01-01,0,0,0,0,0,0
India,2007-02-01,0,0,0,0,0,0
India,2007-03-01,0,0,0,0,0,0
India,2007-04-01,0,0,0,0,0,0
India,2007-05-01,0,0,0,0,0,0
India,2007-06-01,0,0,0,0,0,0
India,2007-07-01,0,0,0,0,0,0
India,2007-08-01,0,0,0,0,0,0
India,2007-09-01,0,0,0,0,0,0
India,2007-10-01,0,0,0,0,0,0
India,2007-11-01,0,0,0,0,0,0
India,2007-12-01,0,0,0,0,0,0
India,2008-01-01,0,0,0,0,0,0
India,2008-02-01,0,0,0,0,0,0
India,2008-03-01,0,0,0,0,0,0
India,2008-04-01,0,0,0,0,0,0
India,2008-05-01,0,0,0,0,0,0
India,2008-06-01,0,0,0,0,0,0
India,2008-07-01,0,0,0,0,0,0
India,2008-08-01,0,0,0,0,0,0
India,2008-09-01,0,0,0,0,0,0
India,2008-10-01,0,0,0,0,0,0
India,2008-11-01,0,0,0,0,0,0
India,2008-12-01,0,0,0,0,0,0
India,2009-01-01,0,0,0,0,0,0
India,2009-02-01,0,0,0,0,0,0
India,2009-03-01,0,0,0,0,0,0
India,2009-04-01,0,0,0,0,0,0
India,2009-05-01,0,0,0,0,0,0
India,2009-06-01,0,0,0,0,0,0
India,2009-07-01,0,0,0,0,0,0
India,2009-08-01,0,0,0,0,0,0
India,2009-09-01,0,0,0,0,0,0
India,2009-10-01,0,0,0,0,0,0
India,2009-11-01,0,0,0,0,0,0
India,2009-12-01,0,0,0,0,0,0
India,2010-01-01,0,0,0,0,0,0
India,2010-02-01,0,0,0,0,0,0
India,2010-03-01,0,0,0,0,0,0
India,2010-04-01,0,0,0,0,0,0
India,2010-05-01,0,0,0,0,0,0
India,2010-06-01,0,0,0,0,0,0
India,2010-07-01,0,0,0,0,0,0
India,2010-08-01,0,0,0,0,0,0
India,2010-09-01,0,0,0,0,0,0
India,2010-10-01,0,0,0,0,0,0
India,2010-11-01,0,0,0,0,0,0
India,2010-12-01,0,0,0,0,0,0
India,2011-01-01,0,0,0,0,0,0
India,2011-02-01,0,0,0,0,0,0
India,2011-03-01,0,0,0,0,0,0
India,2011-04-01,0,0,0,0,0,0
India,2011-05-01,0,0,0,0,0,0
India,2011-06-01,0,0,0,0,0,0
India,2011-07-01,0,0,0,0,0,0
India,2011-08-01,0,0,0,0,0,0
India,2011-09-01,0,0,0,0,0,0
India,2011-10-01,0,0,0,0,0,0
India,2011-11-01,0,0,0,0,0,0
India,2011-12-01,0,0,0,0,0,0
India,2012-01-01,0,0,0,0,0,0
India,2012-02-01,0,0,0,0,0,0
India,2012-03-01,0,0,0,0,0,0
India,2012-04-01,73,0,-1,43,24,139
India,2012-05-01,68,0,-7,32,11,104
India,2012-06-01,33,0,-4,18,28,75
India,2012-07-01,85,0,-5,61,40,181
India,2012-08-01,134,4,-4,110,47,291
India,2012-09-01,119,0,-3,75,73,264
India,2012-10-01,148,2,-8,70,36,248
India,2012-11-01,78,4,-1,41,47,169
India,2012-12-01,114,0,-11,81,53,237
India,2013-01-01,116,0,-3,91,50,254
India,2013-02-01,127,2,-2,110,43,280
India,2013-03-01,207,2,-9,139,69,408
India,2013-04-01,923,72,-52,499,475,1917
India,2013-05-01,1036,54,-32,392,448,1898
India,2013-06-01,1099,68,-66,486,467,2054
India,2013-07-01,1299,107,-38,718,644,2730
India,2013-08-01,1525,96,-49,821,705,3098
India,2013-09-01,1410,104,-56,725,686,2869
India,2013-10-01,1326,126,-14,728,624,2790
India,2013-11-01,1304,110,-28,653,639,2678
India,2013-12-01,1277,98,-41,735,626,2695
India,2014-01-01,1255,82,-25,692,593,2597
India,2014-02-01,1219,100,-90,738,576,2543
India,2014-03-01,1179,110,-21,701,530,2499
India,2014-04-01,1198,103,6,619,502,2428
India,2014-05-01,1255,122,-42,644,558,2537
India,2014-06-01,1242,106,-33,684,557,2556
India,2014-07-01,1395,144,-46,702,619,2814
India,2014-08-01,1373,116,-54,773,538,2746
India,2014-09-01,1308,138,-32,754,538,2706
India,2014-10-01,1480,143,-24,754,679,3032
India,2014-11-01,1408,126,-34,757,644,2901
India,2014-12-01,1386,137,-42,740,591,2812
India,2015-01-01,1426,132,-29,765,638,2932
India,2015-02-01,759,72,0,412,361,1604
Iran,2003-05-01,5,0,0,0,0,5
Iran,2003-06-01,3,0,0,0,0,3
Iran,2003-07-01,0,0,0,0,0,0
Iran,2003-08-01,0,0,0,0,0,0
Iran,2003-09-01,0,0,0,3,0,3
Iran,2003-10-01,0,0,0,0,0,0
Iran,2003-11-01,1,0,0,0,1,2
Iran,2003-12-01,14,0,0,0,0,14
Iran,2004-01-01,3,0,0,0,0,3
Iran,2004-02-01,0,0,0,0,0,0
Iran,2004-03-01,3,0,0,0,0,3
Iran,2004-04-01,0,0,0,0,0,0
Iran,2004-05-01,2,0,0,0,0,2
Iran,2004-06-01,6,0,0,0,0,6
Iran,2004-07-01,7,0,0,0,1,8
Iran,2004-08-01,3,0,0,-2,0,1
Iran,2004-09-01,10,0,0,6,0,16
Iran,2004-10-01,25,0,0,0,0,25
Iran,2004-11-01,3,0,0,9,0,12
Iran,2004-12-01,0,0,0,0,0,0
Iran,2005-01-01,8,0,0,0,0,8
Iran,2005-02-01,2,0,0,0,3,5
Iran,2005-03-01,0,0,0,0,0,0
Iran,2005-04-01,0,0,0,0,0,0
Iran,2005-05-01,0,0,0,0,0,0
Iran,2005-06-01,0,0,0,0,0,0
Iran,2005-07-01,0,0,0,0,0,0
Iran,2005-08-01,0,0,0,0,0,0
Iran,2005-09-01,0,0,0,0,0,0
Iran,2005-10-01,0,0,0,0,0,0
Iran,2005-11-01,0,0,0,0,0,0
Iran,2005-12-01,0,0,0,0,0,0
Iran,2006-01-01,0,0,0,0,0,0
Iran,2006-02-01,0,0,0,0,0,0
Iran,2006-03-01,0,0,0,0,0,0
Iran,2006-04-01,0,0,0,0,0,0
Iran,2006-05-01,0,0,0,0,0,0
Iran,2006-06-01,0,0,0,0,0,0
Iran,2006-07-01,0,0,0,0,0,0
Iran,2006-08-01,0,0,0,0,0,0
Iran,2006-09-01,0,0,0,0,0,0
Iran,2006-10-01,0,0,0,0,0,0
Iran,2006-11-01,0,0,0,0,0,0
Iran,2006-12-01,0,0,0,0,0,0
Iran,2007-01-01,0,0,0,0,0,0
Iran,2007-02-01,0,0,0,0,0,0
Iran,2007-03-01,0,0,0,0,0,0
Iran,2007-04-01,0,0,0,0,0,0
Iran,2007-05-01,0,0,0,0,0,0
Iran,2007-06-01,0,0,0,0,0,0
Iran,2007-07-01,0,0,0,0,0,0
Iran,2007-08-01,0,0,0,0,0,0
Iran,2007-09-01,0,0,0,0,0,0
Iran,2007-10-01,0,0,0,0,0,0
Iran,2007-11-01,0,0,0,0,0,0
Iran,2007-12-01,0,0,0,0,0,0
Iran,2008-01-01,0,0,0,0,0,0
Iran,2008-02-01,0,0,0,0,0,0
Iran,2008-03-01,0,0,0,0,0,0
Iran,2008-04-01,0,0,0,0,0,0
Iran,2008-05-01,0,0,0,0,0,0
Iran,2008-06-01,0,0,0,0,0,0
Iran,2008-07-01,0,0,0,0,0,0
Iran,2008-08-01,0,0,0,0,0,0
Iran,2008-09-01,0,0,0,0,0,0
Iran,2008-10-01,0,0,0,0,0,0
Iran,2008-11-01,0,0,0,0,0,0
Iran,2008-12-01,0,0,0,0,0,0
Iran,2009-01-01,0,0,0,0,0,0
Iran,2009-02-01,0,0,0,0,0,0
Iran,2009-03-01,0,0,0,0,0,0
Iran,2009-04-01,0,0,0,0,0,0
Iran,2009-05-01,0,0,0,0,0,0
Iran,2009-06-01,0,0,0,0,0,0
Iran,2009-07-01,0,0,0,0,0,0
Iran,2009-08-01,0,0,0,0,0,0
Iran,2009-09-01,0,0,0,0,0,0
Iran,2009-10-01,0,0,0,0,0,0
Iran,2009-11-01,0,0,0,0,0,0
Iran,2009-12-01,0,0,0,0,0,0
Iran,2010-01-01,0,0,0,0,0,0
Iran,2010-02-01,0,0,0,0,0,0
Iran,2010-03-01,0,0,0,0,0,0
Iran,2010-04-01,0,0,0,0,0,0
Iran,2010-05-01,0,0,0,0,0,0
Iran,2010-06-01,0,0,0,0,0,0
Iran,2010-07-01,0,0,0,0,0,0
Iran,2010-08-01,0,0,0,0,0,0
Iran,2010-09-01,0,0,0,0,0,0
Iran,2010-10-01,0,0,0,0,0,0
Iran,2010-11-01,0,0,0,0,0,0
Iran,2010-12-01,0,0,0,0,0,0
Iran,2011-01-01,0,0,0,0,0,0
Iran,2011-02-01,0,0,0,0,0,0
Iran,2011-03-01,0,0,0,0,0,0
Iran,2011-04-01,0,0,0,0,0,0
Iran,2011-05-01,0,0,0,0,0,0
Iran,2011-06-01,0,0,0,0,0,0
Iran,2011-07-01,0,0,0,0,0,0
Iran,2011-08-01,0,0,0,0,0,0
Iran,2011-09-01,0,0,0,0,0,0
Iran,2011-10-01,0,0,0,0,0,0
Iran,2011-11-01,0,0,0,0,0,0
Iran,2011-12-01,0,0,0,0,0,0
Iran,2012-01-01,0,0,0,0,0,0
Iran,2012-02-01,0,0,0,0,0,0
Iran,2012-03-01,0,0,0,0,0,0
Iran,2012-04-01,5,0,0,19,6,30
Iran,2012-05-01,53,0,1,33,11,98
Iran,2012-06-01,40,0,1,34,9,84
Iran,2012-07-01,33,0,1,39,0,73
Iran,2012-08-01,39,0,1,62,1,103
Iran,2012-09-01,42,0,1,40,18,101
Iran,2012-10-01,84,4,-5,52,7,142
Iran,2012-11-01,70,0,-4,39,2,107
Iran,2012-12-01,39,2,-1,44,14,98
Iran,2013-01-01,46,0,1,20,17,84
Iran,2013-02-01,62,0,-3,31,11,101
Iran,2013-03-01,61,0,-4,56,13,126
Iran,2013-04-01,666,18,-1,252,212,1147
Iran,2013-05-01,853,28,-4,446,257,1580
Iran,2013-06-01,951,43,-15,481,361,1821
Iran,2013-07-01,831,42,14,408,286,1581
Iran,2013-08-01,1175,63,7,481,356,2082
Iran,2013-09-01,1419,60,16,503,450,2448
Iran,2013-10-01,1343,126,-19,611,574,2635
Iran,2013-11-01,1259,139,3,576,616,2593
Iran,2013-12-01,1076,86,-6,491,397,2044
Iran,2014-01-01,944,54,-31,429,405,1801
Iran,2014-02-01,941,58,-9,470,422,1882
Iran,2014-03-01,1007,89,0,453,331,1880
Iran,2014-04-01,978,60,-3,428,344,1807
Iran,2014-05-01,917,27,-2,510,290,1742
Iran,2014-06-01,1097,72,6,397,403,1975
Iran,2014-07-01,1129,65,-10,395,393,1972
Iran,2014-08-01,1149,60,-26,523,382,2088
Iran,2014-09-01,1166,96,-38,560,356,2140
Iran,2014-10-01,1052,80,-7,555,398,2078
Iran,2014-11-01,980,67,7,425,345,1824
Iran,2014-12-01,963,65,26,400,339,1793
Iran,2015-01-01,1294,76,-13,499,426,2282
Iran,2015-02-01,598,20,-25,289,190,1072
Iraq,2003-04-01,2,0,0,-2,0,0
Iraq,2003-05-01,12,0,0,0,0,12
Iraq,2003-06-01,7,0,0,0,2,9
Iraq,2003-07-01,0,0,0,6,0,6
Iraq,2003-08-01,8,0,0,3,0,11
Iraq,2003-09-01,0,0,0,0,0,0
Iraq,2003-10-01,0,0,0,3,0,3
Iraq,2003-11-01,3,0,0,0,0,3
Iraq,2003-12-01,24,0,1,0,0,25
Iraq,2004-01-01,12,0,0,0,0,12
Iraq,2004-02-01,13,0,0,-4,0,9
Iraq,2004-03-01,3,0,0,3,1,7
Iraq,2004-04-01,21,0,0,6,0,27
Iraq,2004-05-01,0,0,0,6,0,6
Iraq,2004-06-01,20,0,0,0,0,20
Iraq,2004-07-01,5,0,0,0,0,5
Iraq,2004-08-01,7,0,0,3,0,10
Iraq,2004-09-01,9,0,0,6,0,15
Iraq,2004-10-01,3,0,0,0,3,6
Iraq,2004-11-01,6,0,0,3,0,9
Iraq,2004-12-01,4,0,0,0,0,4
Iraq,2005-01-01,11,0,0,6,0,17
Iraq,2005-02-01,7,0,0,3,0,10
Iraq,2005-03-01,0,0,0,0,0,0
Iraq,2005-04-01,0,0,0,0,0,0
Iraq,2005-05-01,0,0,0,0,0,0
Iraq,2005-06-01,0,0,0,0,0,0
Iraq,2005-07-01,0,0,0,0,0,0
Iraq,2005-08-01,0,0,0,0,0,0
Iraq,2005-09-01,0,0,0,0,0,0
Iraq,2005-10-01,0,0,0,0,0,0
Iraq,2005-11-01,0,0,0,0,0,0
Iraq,2005-12-01,0,0,0,0,0,0
Iraq,2006-01-01,0,0,0,0,0,0
Iraq,2006-02-01,0,0,0,0,0,0
Iraq,2006-03-01,0,0,0,0,0,0
Iraq,2006-04-01,0,0,0,0,0,0
Iraq,2006-05-01,0,0,0,0,0,0
Iraq,2006-06-01,0,0,0,0,0,0
Iraq,2006-07-01,0,0,0,0,0,0
Iraq,2006-08-01,0,0,0,0,0,0
Iraq,2006-09-01,0,0,0,0,0,0
Iraq,2006-10-01,0,0,0,0,0,0
Iraq,2006-11-01,0,0,0,0,0,0
Iraq,2006-12-01,0,0,0,0,0,0
Iraq,2007-01-01,0,0,0,0,0,0
Iraq,2007-02-01,0,0,0,0,0,0
Iraq,2007-03-01,0,0,0,0,0,0
Iraq,2007-04-01,0,0,0,0,0,0
Iraq,2007-05-01,0,0,0,0,0,0
Iraq,2007-06-01,0,0,0,0,0,0
Iraq,2007-07-01,0,0,0,0,0,0
Iraq,2007-08-01,0,0,0,0,0,0
Iraq,2007-09-01,0,0,0,0,0,0
Iraq,2007-10-01,0,0,0,0,0,0
Iraq,2007-11-01,0,0,0,0,0,0
Iraq,2007-12-01,0,0,0,0,0,0
Iraq,2008-01-01,0,0,0,0,0,0
Iraq,2008-02-01,0,0,0,0,0,0
Iraq,2008-03-01,0,0,0,0,0,0
Iraq,2008-04-01,0,0,0,0,0,0
Iraq,2008-05-01,0,0,0,0,0,0
Iraq,2008-06-01,0,0,0,0,0,0
Iraq,2008-07-01,0,0,0,0,0,0
Iraq,2008-08-01,0,0,0,0,0,0
Iraq,2008-09-01,0,0,0,0,0,0
Iraq,2008-10-01,0,0,0,0,0,0
Iraq,2008-11-01,0,0,0,0,0,0
Iraq,2008-12-01,0,0,0,0,0,0
Iraq,2009-01-01,0,0,0,0,0,0
Iraq,2009-02-01,0,0,0,0,0,0
Iraq,2009-03-01,0,0,0,0,0,0
Iraq,2009-04-01,0,0,0,0,0,0
Iraq,2009-05-01,0,0,0,0,0,0
Iraq,2009-06-01,0,0,0,0,0,0
Iraq,2009-07-01,0,0,0,0,0,0
Iraq,2009-08-01,0,0,0,0,0,0
Iraq,2009-09-01,0,0,0,0,0,0
Iraq,2009-10-01,0,0,0,0,0,0
Iraq,2009-11-01,0,0,0,0,0,0
Iraq,2009-12-01,0,0,0,0,0,0
Iraq,2010-01-01,0,0,0,0,0,0
Iraq,2010-02-01,0,0,0,0,0,0
Iraq,2010-03-01,0,0,0,0,0,0
Iraq,2010-04-01,0,0,0,0,0,0
Iraq,2010-05-01,0,0,0,0,0,0
Iraq,2010-06-01,0,0,0,0,0,0
Iraq,2010-07-01,0,0,0,0,0,0
Iraq,2010-08-01,0,0,0,0,0,0
Iraq,2010-09-01,0,0,0,0,0,0
Iraq,2010-10-01,0,0,0,0,0,0
Iraq,2010-11-01,0,0,0,0,0,0
Iraq,2010-12-01,0,0,0,0,0,0
Iraq,2011-01-01,0,0,0,0,0,0
Iraq,2011-02-01,0,0,0,0,0,0
Iraq,2011-03-01,0,0,0,0,0,0
Iraq,2011-04-01,0,0,0,0,0,0
Iraq,2011-05-01,0,0,0,0,0,0
Iraq,2011-06-01,0,0,0,0,0,0
Iraq,2011-07-01,0,0,0,0,0,0
Iraq,2011-08-01,0,0,0,0,0,0
Iraq,2011-09-01,0,0,0,0,0,0
Iraq,2011-10-01,0,0,0,0,0,0
Iraq,2011-11-01,0,0,0,0,0,0
Iraq,2011-12-01,0,0,0,0,0,0
Iraq,2012-01-01,0,0,0,0,0,0
Iraq,2012-02-01,0,0,0,0,0,0
Iraq,2012-03-01,0,0,0,0,0,0
Iraq,2012-04-01,26,0,-2,9,4,37
Iraq,2012-05-01,21,0,-2,3,1,23
Iraq,2012-06-01,36,0,0,12,2,50
Iraq,2012-07-01,25,0,-2,15,1,39
Iraq,2012-08-01,27,2,0,29,7,65
Iraq,2012-09-01,65,0,-3,19,4,85
Iraq,2012-10-01,48,0,1,16,7,72
Iraq,2012-11-01,51,2,-3,4,6,60
Iraq,2012-12-01,16,6,2,13,7,44
Iraq,2013-01-01,118,0,0,15,14,147
Iraq,2013-02-01,89,0,0,34,17,140
Iraq,2013-03-01,68,0,0,34,3,105
Iraq,2013-04-01,716,8,1,261,328,1314
Iraq,2013-05-01,737,16,-13,153,339,1232
Iraq,2013-06-01,896,38,3,256,413,1606
Iraq,2013-07-01,973,42,-21,333,499,1826
Iraq,2013-08-01,1331,68,21,424,555,2399
Iraq,2013-09-01,1277,76,2,423,692,2470
Iraq,2013-10-01,1067,40,0,307,535,1949
Iraq,2013-11-01,1054,58,-17,342,512,1949
Iraq,2013-12-01,1185,44,2,461,516,2208
Iraq,2014-01-01,1164,38,-30,463,507,2142
Iraq,2014-02-01,951,40,-10,313,491,1785
Iraq,2014-03-01,924,36,-7,294,492,1739
Iraq,2014-04-01,912,48,-9,292,524,1767
Iraq,2014-05-01,964,36,-4,334,497,1827
Iraq,2014-06-01,1943,102,33,783,752,3613
Iraq,2014-07-01,1546,93,-15,504,660,2788
Iraq,2014-08-01,2031,98,-20,732,739,3580
Iraq,2014-09-01,1885,108,-20,604,667,3244
Iraq,2014-10-01,1670,102,-21,617,783,3151
Iraq,2014-11-01,1405,76,-25,520,597,2573
Iraq,2014-12-01,1167,56,-19,437,504,2145
Iraq,2015-01-01,1422,84,-11,459,562,2516
Iraq,2015-02-01,760,54,-7,301,366,1474
Pakistan,2003-05-01,9,0,0,0,0,9
Pakistan,2003-06-01,0,0,0,0,0,0
Pakistan,2003-07-01,6,0,0,6,0,12
Pakistan,2003-08-01,3,0,0,0,0,3
Pakistan,2003-09-01,9,0,0,0,0,9
Pakistan,2003-10-01,17,0,0,0,0,17
Pakistan,2003-11-01,13,0,0,0,0,13
Pakistan,2003-12-01,7,0,0,0,0,7
Pakistan,2004-01-01,4,0,0,0,0,4
Pakistan,2004-02-01,8,0,0,0,1,9
Pakistan,2004-03-01,14,0,0,0,0,14
Pakistan,2004-04-01,11,0,0,0,0,11
Pakistan,2004-05-01,7,0,0,0,0,7
Pakistan,2004-06-01,18,0,0,3,1,22
Pakistan,2004-07-01,0,0,0,-8,0,-8
Pakistan,2004-08-01,3,0,0,-2,0,1
Pakistan,2004-09-01,7,0,0,-2,0,5
Pakistan,2004-10-01,20,0,0,-1,2,21
Pakistan,2004-11-01,14,0,0,0,0,14
Pakistan,2004-12-01,12,0,0,3,0,15
Pakistan,2005-01-01,8,0,0,0,1,9
Pakistan,2005-02-01,12,0,0,0,0,12
Pakistan,2005-03-01,0,0,0,0,0,0
Pakistan,2005-04-01,0,0,0,0,0,0
Pakistan,2005-05-01,0,0,0,0,0,0
Pakistan,2005-06-01,0,0,0,0,0,0
Pakistan,2005-07-01,0,0,0,0,0,0
Pakistan,2005-08-01,0,0,0,0,0,0
Pakistan,2005-09-01,0,0,0,0,0,0
Pakistan,2005-10-01,0,0,0,0,0,0
Pakistan,2005-11-01,0,0,0,0,0,0
Pakistan,2005-12-01,0,0,0,0,0,0
Pakistan,2006-01-01,0,0,0,0,0,0
Pakistan,2006-02-01,0,0,0,0,0,0
Pakistan,2006-03-01,0,0,0,0,0,0
Pakistan,2006-04-01,0,0,0,0,0,0
Pakistan,2006-05-01,0,0,0,0,0,0
Pakistan,2006-06-01,0,0,0,0,0,0
Pakistan,2006-07-01,0,0,0,0,0,0
Pakistan,2006-08-01,0,0,0,0,0,0
Pakistan,2006-09-01,0,0,0,0,0,0
Pakistan,2006-10-01,0,0,0,0,0,0
Pakistan,2006-11-01,0,0,0,0,0,0
Pakistan,2006-12-01,0,0,0,0,0,0
Pakistan,2007-01-01,0,0,0,0,0,0
Pakistan,2007-02-01,0,0,0,0,0,0
Pakistan,2007-03-01,0,0,0,0,0,0
Pakistan,2007-04-01,0,0,0,0,0,0
Pakistan,2007-05-01,0,0,0,0,0,0
Pakistan,2007-06-01,0,0,0,0,0,0
Pakistan,2007-07-01,0,0,0,0,0,0
Pakistan,2007-08-01,0,0,0,0,0,0
Pakistan,2007-09-01,0,0,0,0,0,0
Pakistan,2007-10-01,0,0,0,0,0,0
Pakistan,2007-11-01,0,0,0,0,0,0
Pakistan,2007-12-01,0,0,0,0,0,0
Pakistan,2008-01-01,0,0,0,0,0,0
Pakistan,2008-02-01,0,0,0,0,0,0
Pakistan,2008-03-01,0,0,0,0,0,0
Pakistan,2008-04-01,0,0,0,0,0,0
Pakistan,2008-05-01,0,0,0,0,0,0
Pakistan,2008-06-01,0,0,0,0,0,0
Pakistan,2008-07-01,0,0,0,0,0,0
Pakistan,2008-08-01,0,0,0,0,0,0
Pakistan,2008-09-01,0,0,0,0,0,0
Pakistan,2008-10-01,0,0,0,0,0,0
Pakistan,2008-11-01,0,0,0,0,0,0
Pakistan,2008-12-01,0,0,0,0,0,0
Pakistan,2009-01-01,0,0,0,0,0,0
Pakistan,2009-02-01,0,0,0,0,0,0
Pakistan,2009-03-01,0,0,0,0,0,0
Pakistan,2009-04-01,0,0,0,0,0,0
Pakistan,2009-05-01,0,0,0,0,0,0
Pakistan,2009-06-01,0,0,0,0,0,0
Pakistan,2009-07-01,0,0,0,0,0,0
Pakistan,2009-08-01,0,0,0,0,0,0
Pakistan,2009-09-01,0,0,0,0,0,0
Pakistan,2009-10-01,0,0,0,0,0,0
Pakistan,2009-11-01,0,0,0,0,0,0
Pakistan,2009-12-01,0,0,0,0,0,0
Pakistan,2010-01-01,0,0,0,0,0,0
Pakistan,2010-02-01,0,0,0,0,0,0
Pakistan,2010-03-01,0,0,0,0,0,0
Pakistan,2010-04-01,0,0,0,0,0,0
Pakistan,2010-05-01,0,0,0,0,0,0
Pakistan,2010-06-01,0,0,0,0,0,0
Pakistan,2010-07-01,0,0,0,0,0,0
Pakistan,2010-08-01,0,0,0,0,0,0
Pakistan,2010-09-01,0,0,0,0,0,0
Pakistan,2010-10-01,0,0,0,0,0,0
Pakistan,2010-11-01,0,0,0,0,0,0
Pakistan,2010-12-01,0,0,0,0,0,0
Pakistan,2011-01-01,0,0,0,0,0,0
Pakistan,2011-02-01,0,0,0,0,0,0
Pakistan,2011-03-01,0,0,0,0,0,0
Pakistan,2011-04-01,0,0,0,0,0,0
Pakistan,2011-05-01,0,0,0,0,0,0
Pakistan,2011-06-01,0,0,0,0,0,0
Pakistan,2011-07-01,0,0,0,0,0,0
Pakistan,2011-08-01,0,0,0,0,0,0
Pakistan,2011-09-01,0,0,0,0,0,0
Pakistan,2011-10-01,0,0,0,0,0,0
Pakistan,2011-11-01,0,0,0,0,0,0
Pakistan,2011-12-01,0,0,0,0,0,0
Pakistan,2012-01-01,0,0,0,0,0,0
Pakistan,2012-02-01,0,0,0,0,0,0
Pakistan,2012-03-01,0,0,0,0,0,0
Pakistan,2012-04-01,96,0,0,17,0,113
Pakistan,2012-05-01,70,0,-4,34,1,101
Pakistan,2012-06-01,42,2,0,13,4,61
Pakistan,2012-07-01,137,0,5,43,10,195
Pakistan,2012-08-01,75,0,-4,5,5,81
Pakistan,2012-09-01,102,0,-2,7,17,124
Pakistan,2012-10-01,141,2,1,50,20,214
Pakistan,2012-11-01,116,0,-11,18,16,139
Pakistan,2012-12-01,52,8,-1,5,16,80
Pakistan,2013-01-01,175,0,0,42,21,238
Pakistan,2013-02-01,93,0,0,70,15,178
Pakistan,2013-03-01,153,0,-4,108,24,281
Pakistan,2013-04-01,1046,40,-29,440,402,1899
Pakistan,2013-05-01,1021,42,-25,482,505,2025
Pakistan,2013-06-01,1102,48,-20,441,502,2073
Pakistan,2013-07-01,1241,75,-32,551,600,2435
Pakistan,2013-08-01,1332,68,-33,745,624,2736
Pakistan,2013-09-01,1360,72,-41,566,659,2616
Pakistan,2013-10-01,1359,92,-46,565,637,2607
Pakistan,2013-11-01,1340,77,-8,676,620,2705
Pakistan,2013-12-01,1161,58,-26,665,521,2379
Pakistan,2014-01-01,1267,58,-32,610,559,2462
Pakistan,2014-02-01,1302,58,-7,647,563,2563
Pakistan,2014-03-01,1183,74,-44,583,525,2321
Pakistan,2014-04-01,1189,74,-33,583,533,2346
Pakistan,2014-05-01,1268,53,-7,540,564,2418
Pakistan,2014-06-01,1459,67,-24,646,615,2763
Pakistan,2014-07-01,1300,80,-25,571,555,2481
Pakistan,2014-08-01,1429,60,1,685,594,2769
Pakistan,2014-09-01,1390,66,-7,662,586,2697
Pakistan,2014-10-01,1402,84,-27,608,651,2718
Pakistan,2014-11-01,1301,70,-4,626,688,2681
Pakistan,2014-12-01,1568,80,-18,727,700,3057
Pakistan,2015-01-01,1396,76,-72,729,680,2809
Pakistan,2015-02-01,747,54,-17,325,343,1452
Palestine,2003-10-01,-3,0,0,0,0,-3
Palestine,2003-11-01,0,0,0,0,0,0
Palestine,2003-12-01,3,0,0,0,0,3
Palestine,2004-01-01,0,0,0,0,0,0
Palestine,2004-02-01,0,0,0,0,0,0
Palestine,2004-03-01,0,0,0,0,0,0
Palestine,2004-04-01,0,0,0,0,0,0
Palestine,2004-05-01,3,0,0,0,0,3
Palestine,2004-06-01,0,0,0,0,0,0
Palestine,2004-07-01,0,0,0,0,0,0
Palestine,2004-08-01,6,0,0,0,0,6
Palestine,2004-09-01,0,0,0,0,0,0
Palestine,2004-10-01,0,0,0,0,0,0
Palestine,2004-11-01,0,0,0,0,0,0
Palestine,2004-12-01,0,0,0,0,0,0
Palestine,2005-01-01,0,0,0,0,0,0
Palestine,2005-02-01,0,0,0,0,0,0
Palestine,2005-03-01,0,0,0,0,0,0
Palestine,2005-04-01,0,0,0,0,0,0
Palestine,2005-05-01,0,0,0,0,0,0
Palestine,2005-06-01,0,0,0,0,0,0
Palestine,2005-07-01,0,0,0,0,0,0
Palestine,2005-08-01,0,0,0,0,0,0
Palestine,2005-09-01,0,0,0,0,0,0
Palestine,2005-10-01,0,0,0,0,0,0
Palestine,2005-11-01,0,0,0,0,0,0
Palestine,2005-12-01,0,0,0,0,0,0
Palestine,2006-01-01,0,0,0,0,0,0
Palestine,2006-02-01,0,0,0,0,0,0
Palestine,2006-03-01,0,0,0,0,0,0
Palestine,2006-04-01,0,0,0,0,0,0
Palestine,2006-05-01,0,0,0,0,0,0
Palestine,2006-06-01,0,0,0,0,0,0
Palestine,2006-07-01,0,0,0,0,0,0
Palestine,2006-08-01,0,0,0,0,0,0
Palestine,2006-09-01,0,0,0,0,0,0
Palestine,2006-10-01,0,0,0,0,0,0
Palestine,2006-11-01,0,0,0,0,0,0
Palestine,2006-12-01,0,0,0,0,0,0
Palestine,2007-01-01,0,0,0,0,0,0
Palestine,2007-02-01,0,0,0,0,0,0
Palestine,2007-03-01,0,0,0,0,0,0
Palestine,2007-04-01,0,0,0,0,0,0
Palestine,2007-05-01,0,0,0,0,0,0
Palestine,2007-06-01,0,0,0,0,0,0
Palestine,2007-07-01,0,0,0,0,0,0
Palestine,2007-08-01,0,0,0,0,0,0
Palestine,2007-09-01,0,0,0,0,0,0
Palestine,2007-10-01,0,0,0,0,0,0
Palestine,2007-11-01,0,0,0,0,0,0
Palestine,2007-12-01,0,0,0,0,0,0
Palestine,2008-01-01,0,0,0,0,0,0
Palestine,2008-02-01,0,0,0,0,0,0
Palestine,2008-03-01,0,0,0,0,0,0
Palestine,2008-04-01,0,0,0,0,0,0
Palestine,2008-05-01,0,0,0,0,0,0
Palestine,2008-06-01,0,0,0,0,0,0
Palestine,2008-07-01,0,0,0,0,0,0
Palestine,2008-08-01,0,0,0,0,0,0
Palestine,2008-09-01,0,0,0,0,0,0
Palestine,2008-10-01,0,0,0,0,0,0
Palestine,2008-11-01,0,0,0,0,0,0
Palestine,2008-12-01,0,0,0,0,0,0
Palestine,2009-01-01,0,0,0,0,0,0
Palestine,2009-02-01,0,0,0,0,0,0
Palestine,2009-03-01,0,0,0,0,0,0
Palestine,2009-04-01,0,0,0,0,0,0
Palestine,2009-05-01,0,0,0,0,0,0
Palestine,2009-06-01,0,0,0,0,0,0
Palestine,2009-07-01,0,0,0,0,0,0
Palestine,2009-08-01,0,0,0,0,0,0
Palestine,2009-09-01,0,0,0,0,0,0
Palestine,2009-10-01,0,0,0,0,0,0
Palestine,2009-11-01,0,0,0,0,0,0
Palestine,2009-12-01,0,0,0,0,0,0
Palestine,2010-01-01,0,0,0,0,0,0
Palestine,2010-02-01,0,0,0,0,0,0
Palestine,2010-03-01,0,0,0,0,0,0
Palestine,2010-04-01,0,0,0,0,0,0
Palestine,2010-05-01,0,0,0,0,0,0
Palestine,2010-06-01,0,0,0,0,0,0
Palestine,2010-07-01,0,0,0,0,0,0
Palestine,2010-08-01,0,0,0,0,0,0
Palestine,2010-09-01,0,0,0,0,0,0
Palestine,2010-10-01,0,0,0,0,0,0
Palestine,2010-11-01,0,0,0,0,0,0
Palestine,2010-12-01,0,0,0,0,0,0
Palestine,2011-01-01,0,0,0,0,0,0
Palestine,2011-02-01,0,0,0,0,0,0
Palestine,2011-03-01,0,0,0,0,0,0
Palestine,2011-04-01,0,0,0,0,0,0
Palestine,2011-05-01,0,0,0,0,0,0
Palestine,2011-06-01,0,0,0,0,0,0
Palestine,2011-07-01,0,0,0,0,0,0
Palestine,2011-08-01,0,0,0,0,0,0
Palestine,2011-09-01,0,0,0,0,0,0
Palestine,2011-10-01,0,0,0,0,0,0
Palestine,2011-11-01,0,0,0,0,0,0
Palestine,2011-12-01,0,0,0,0,0,0
Palestine,2012-01-01,0,0,0,0,0,0
Palestine,2012-02-01,0,0,0,0,0,0
Palestine,2012-03-01,0,0,0,0,0,0
Palestine,2012-04-01,7,0,0,3,1,11
Palestine,2012-05-01,0,0,0,0,1,1
Palestine,2012-06-01,3,0,0,3,0,6
Palestine,2012-07-01,16,0,0,9,1,26
Palestine,2012-08-01,9,0,0,1,0,10
Palestine,2012-09-01,2,0,0,6,2,10
Palestine,2012-10-01,2,0,0,-2,3,3
Palestine,2012-11-01,42,0,1,3,1,47
Palestine,2012-12-01,21,0,0,6,3,30
Palestine,2013-01-01,16,0,0,2,1,19
Palestine,2013-02-01,35,0,0,3,5,43
Palestine,2013-03-01,23,0,0,2,4,29
Palestine,2013-04-01,324,0,-17,121,91,519
Palestine,2013-05-01,242,0,-5,106,43,386
Palestine,2013-06-01,355,6,-21,182,111,633
Palestine,2013-07-01,551,10,5,224,124,914
Palestine,2013-08-01,593,6,-1,212,158,968
Palestine,2013-09-01,616,4,-3,244,181,1042
Palestine,2013-10-01,528,8,-6,167,145,842
Palestine,2013-11-01,545,10,-3,214,176,942
Palestine,2013-12-01,584,8,2,190,162,946
Palestine,2014-01-01,563,4,0,186,202,955
Palestine,2014-02-01,556,12,4,195,181,948
Palestine,2014-03-01,623,10,-6,205,169,1001
Palestine,2014-04-01,504,4,-10,197,176,871
Palestine,2014-05-01,503,10,-4,193,182,884
Palestine,2014-06-01,903,4,-10,473,276,1646
Palestine,2014-07-01,1282,46,22,381,472,2203
Palestine,2014-08-01,944,50,-1,267,326,1586
Palestine,2014-09-01,601,18,1,241,240,1101
Palestine,2014-10-01,751,30,-1,354,270,1404
Palestine,2014-11-01,772,6,0,388,291,1457
Palestine,2014-12-01,630,18,-4,286,226,1156
Palestine,2015-01-01,622,8,10,270,239,1149
Palestine,2015-02-01,304,10,5,161,109,589
Sierra Leone,2003-08-01,0,0,0,0,0,0
Sierra Leone,2003-09-01,0,0,0,0,0,0
Sierra Leone,2003-10-01,0,0,0,0,0,0
Sierra Leone,2003-11-01,0,0,0,0,0,0
Sierra Leone,2003-12-01,0,0,0,0,0,0
Sierra Leone,2004-01-01,0,0,0,0,0,0
Sierra Leone,2004-02-01,0,0,0,0,0,0
Sierra Leone,2004-03-01,0,0,0,0,0,0
Sierra Leone,2004-04-01,0,0,0,0,0,0
Sierra Leone,2004-05-01,0,0,0,0,0,0
Sierra Leone,2004-06-01,0,0,0,0,0,0
Sierra Leone,2004-07-01,0,0,0,0,0,0
Sierra Leone,2004-08-01,0,0,0,0,0,0
Sierra Leone,2004-09-01,0,0,0,0,0,0
Sierra Leone,2004-10-01,0,0,0,0,0,0
Sierra Leone,2004-11-01,0,0,0,0,0,0
Sierra Leone,2004-12-01,0,0,0,0,0,0
Sierra Leone,2005-01-01,0,0,0,0,0,0
Sierra Leone,2005-02-01,0,0,0,0,0,0
Sierra Leone,2005-03-01,0,0,0,0,0,0
Sierra Leone,2005-04-01,0,0,0,0,0,0
Sierra Leone,2005-05-01,0,0,0,0,0,0
Sierra Leone,2005-06-01,0,0,0,0,0,0
Sierra Leone,2005-07-01,0,0,0,0,0,0
Sierra Leone,2005-08-01,0,0,0,0,0,0
Sierra Leone,2005-09-01,0,0,0,0,0,0
Sierra Leone,2005-10-01,0,0,0,0,0,0
Sierra Leone,2005-11-01,0,0,0,0,0,0
Sierra Leone,2005-12-01,0,0,0,0,0,0
Sierra Leone,2006-01-01,0,0,0,0,0,0
Sierra Leone,2006-02-01,0,0,0,0,0,0
Sierra Leone,2006-03-01,0,0,0,0,0,0
Sierra Leone,2006-04-01,0,0,0,0,0,0
Sierra Leone,2006-05-01,0,0,0,0,0,0
Sierra Leone,2006-06-01,0,0,0,0,0,0
Sierra Leone,2006-07-01,0,0,0,0,0,0
Sierra Leone,2006-08-01,0,0,0,0,0,0
Sierra Leone,2006-09-01,0,0,0,0,0,0
Sierra Leone,2006-10-01,0,0,0,0,0,0
Sierra Leone,2006-11-01,0,0,0,0,0,0
Sierra Leone,2006-12-01,0,0,0,0,0,0
Sierra Leone,2007-01-01,0,0,0,0,0,0
Sierra Leone,2007-02-01,0,0,0,0,0,0
Sierra Leone,2007-03-01,0,0,0,0,0,0
Sierra Leone,2007-04-01,0,0,0,0,0,0
Sierra Leone,2007-05-01,0,0,0,0,0,0
Sierra Leone,2007-06-01,0,0,0,0,0,0
Sierra Leone,2007-07-01,0,0,0,0,0,0
Sierra Leone,2007-08-01,0,0,0,0,0,0
Sierra Leone,2007-09-01,0,0,0,0,0,0
Sierra Leone,2007-10-01,0,0,0,0,0,0
Sierra Leone,2007-11-01,0,0,0,0,0,0
Sierra Leone,2007-12-01,0,0,0,0,0,0
Sierra Leone,2008-01-01,0,0,0,0,0,0
Sierra Leone,2008-02-01,0,0,0,0,0,0
Sierra Leone,2008-03-01,0,0,0,0,0,0
Sierra Leone,2008-04-01,0,0,0,0,0,0
Sierra Leone,2008-05-01,0,0,0,0,0,0
Sierra Leone,2008-06-01,0,0,0,0,0,0
Sierra Leone,2008-07-01,0,0,0,0,0,0
Sierra Leone,2008-08-01,0,0,0,0,0,0
Sierra Leone,2008-09-01,0,0,0,0,0,0
Sierra Leone,2008-10-01,0,0,0,0,0,0
Sierra Leone,2008-11-01,0,0,0,0,0,0
Sierra Leone,2008-12-01,0,0,0,0,0,0
Sierra Leone,2009-01-01,0,0,0,0,0,0
Sierra Leone,2009-02-01,0,0,0,0,0,0
Sierra Leone,2009-03-01,0,0,0,0,0,0
Sierra Leone,2009-04-01,0,0,0,0,0,0
Sierra Leone,2009-05-01,0,0,0,0,0,0
Sierra Leone,2009-06-01,0,0,0,0,0,0
Sierra Leone,2009-07-01,0,0,0,0,0,0
Sierra Leone,2009-08-01,0,0,0,0,0,0
Sierra Leone,2009-09-01,0,0,0,0,0,0
Sierra Leone,2009-10-01,0,0,0,0,0,0
Sierra Leone,2009-11-01,0,0,0,0,0,0
Sierra Leone,2009-12-01,0,0,0,0,0,0
Sierra Leone,2010-01-01,0,0,0,0,0,0
Sierra Leone,2010-02-01,0,0,0,0,0,0
Sierra Leone,2010-03-01,0,0,0,0,0,0
Sierra Leone,2010-04-01,0,0,0,0,0,0
Sierra Leone,2010-05-01,0,0,0,0,0,0
Sierra Leone,2010-06-01,0,0,0,0,0,0
Sierra Leone,2010-07-01,0,0,0,0,0,0
Sierra Leone,2010-08-01,0,0,0,0,0,0
Sierra Leone,2010-09-01,0,0,0,0,0,0
Sierra Leone,2010-10-01,0,0,0,0,0,0
Sierra Leone,2010-11-01,0,0,0,0,0,0
Sierra Leone,2010-12-01,0,0,0,0,0,0
Sierra Leone,2011-01-01,0,0,0,0,0,0
Sierra Leone,2011-02-01,0,0,0,0,0,0
Sierra Leone,2011-03-01,0,0,0,0,0,0
Sierra Leone,2011-04-01,0,0,0,0,0,0
Sierra Leone,2011-05-01,0,0,0,0,0,0
Sierra Leone,2011-06-01,0,0,0,0,0,0
Sierra Leone,2011-07-01,0,0,0,0,0,0
Sierra Leone,2011-08-01,0,0,0,0,0,0
Sierra Leone,2011-09-01,0,0,0,0,0,0
Sierra Leone,2011-10-01,0,0,0,0,0,0
Sierra Leone,2011-11-01,0,0,0,0,0,0
Sierra Leone,2011-12-01,0,0,0,0,0,0
Sierra Leone,2012-01-01,0,0,0,0,0,0
Sierra Leone,2012-02-01,0,0,0,0,0,0
Sierra Leone,2012-03-01,0,0,0,0,0,0
Sierra Leone,2012-04-01,0,0,0,0,0,0
Sierra Leone,2012-05-01,0,0,0,0,0,0
Sierra Leone,2012-06-01,0,0,0,12,0,12
Sierra Leone,2012-07-01,0,0,0,3,0,3
Sierra Leone,2012-08-01,1,0,0,18,4,23
Sierra Leone,2012-09-01,2,0,0,-3,0,-1
Sierra Leone,2012-10-01,0,0,0,6,1,7
Sierra Leone,2012-11-01,0,0,0,0,0,0
Sierra Leone,2012-12-01,0,0,0,0,0,0
Sierra Leone,2013-01-01,4,0,0,0,0,4
Sierra Leone,2013-02-01,0,0,0,0,0,0
Sierra Leone,2013-03-01,0,0,0,3,0,3
Sierra Leone,2013-04-01,29,0,0,18,5,52
Sierra Leone,2013-05-01,33,0,-2,23,7,61
Sierra Leone,2013-06-01,118,6,3,53,29,209
Sierra Leone,2013-07-01,135,12,0,54,38,239
Sierra Leone,2013-08-01,188,2,3,91,31,315
Sierra Leone,2013-09-01,212,12,3,122,49,398
Sierra Leone,2013-10-01,216,10,2,102,49,379
Sierra Leone,2013-11-01,173,4,3,100,49,329
Sierra Leone,2013-12-01,133,2,-6,62,21,212
Sierra Leone,2014-01-01,153,0,3,56,15,227
Sierra Leone,2014-02-01,190,16,1,49,25,281
Sierra Leone,2014-03-01,218,12,-6,76,45,345
Sierra Leone,2014-04-01,181,14,0,92,31,318
Sierra Leone,2014-05-01,206,12,1,75,28,322
Sierra Leone,2014-06-01,183,6,4,93,46,332
Sierra Leone,2014-07-01,343,20,-2,170,73,604
Sierra Leone,2014-08-01,440,48,-3,183,81,749
Sierra Leone,2014-09-01,373,42,-7,134,45,587
Sierra Leone,2014-10-01,494,48,10,134,104,790
Sierra Leone,2014-11-01,309,24,-2,96,55,482
Sierra Leone,2014-12-01,308,27,-4,105,40,476
Sierra Leone,2015-01-01,316,18,-18,98,43,457
Sierra Leone,2015-02-01,160,8,0,72,31,271
Somalia,2003-04-01,9,0,0,0,0,9
Somalia,2003-05-01,6,0,0,0,0,6
Somalia,2003-06-01,0,0,0,-2,0,-2
Somalia,2003-07-01,5,0,0,0,0,5
Somalia,2003-08-01,0,0,0,0,0,0
Somalia,2003-09-01,0,0,0,0,0,0
Somalia,2003-10-01,9,0,0,0,0,9
Somalia,2003-11-01,1,0,0,0,0,1
Somalia,2003-12-01,0,0,0,0,0,0
Somalia,2004-01-01,0,0,0,0,0,0
Somalia,2004-02-01,0,0,0,0,0,0
Somalia,2004-03-01,3,0,0,0,0,3
Somalia,2004-04-01,3,0,0,0,0,3
Somalia,2004-05-01,3,0,0,0,0,3
Somalia,2004-06-01,3,0,0,0,0,3
Somalia,2004-07-01,2,0,0,0,0,2
Somalia,2004-08-01,0,0,0,0,0,0
Somalia,2004-09-01,0,0,0,0,2,2
Somalia,2004-10-01,0,0,0,0,0,0
Somalia,2004-11-01,0,0,0,0,0,0
Somalia,2004-12-01,0,0,0,0,0,0
Somalia,2005-01-01,0,0,0,0,0,0
Somalia,2005-02-01,3,0,0,0,0,3
Somalia,2005-03-01,0,0,0,0,0,0
Somalia,2005-04-01,0,0,0,0,0,0
Somalia,2005-05-01,0,0,0,0,0,0
Somalia,2005-06-01,0,0,0,0,0,0
Somalia,2005-07-01,0,0,0,0,0,0
Somalia,2005-08-01,0,0,0,0,0,0
Somalia,2005-09-01,0,0,0,0,0,0
Somalia,2005-10-01,0,0,0,0,0,0
Somalia,2005-11-01,0,0,0,0,0,0
Somalia,2005-12-01,0,0,0,0,0,0
Somalia,2006-01-01,0,0,0,0,0,0
Somalia,2006-02-01,0,0,0,0,0,0
Somalia,2006-03-01,0,0,0,0,0,0
Somalia,2006-04-01,0,0,0,0,0,0
Somalia,2006-05-01,0,0,0,0,0,0
Somalia,2006-06-01,0,0,0,0,0,0
Somalia,2006-07-01,0,0,0,0,0,0
Somalia,2006-08-01,0,0,0,0,0,0
Somalia,2006-09-01,0,0,0,0,0,0
Somalia,2006-10-01,0,0,0,0,0,0
Somalia,2006-11-01,0,0,0,0,0,0
Somalia,2006-12-01,0,0,0,0,0,0
Somalia,2007-01-01,0,0,0,0,0,0
Somalia,2007-02-01,0,0,0,0,0,0
Somalia,2007-03-01,0,0,0,0,0,0
Somalia,2007-04-01,0,0,0,0,0,0
Somalia,2007-05-01,0,0,0,0,0,0
Somalia,2007-06-01,0,0,0,0,0,0
Somalia,2007-07-01,0,0,0,0,0,0
Somalia,2007-08-01,0,0,0,0,0,0
Somalia,2007-09-01,0,0,0,0,0,0
Somalia,2007-10-01,0,0,0,0,0,0
Somalia,2007-11-01,0,0,0,0,0,0
Somalia,2007-12-01,0,0,0,0,0,0
Somalia,2008-01-01,0,0,0,0,0,0
Somalia,2008-02-01,0,0,0,0,0,0
Somalia,2008-03-01,0,0,0,0,0,0
Somalia,2008-04-01,0,0,0,0,0,0
Somalia,2008-05-01,0,0,0,0,0,0
Somalia,2008-06-01,0,0,0,0,0,0
Somalia,2008-07-01,0,0,0,0,0,0
Somalia,2008-08-01,0,0,0,0,0,0
Somalia,2008-09-01,0,0,0,0,0,0
Somalia,2008-10-01,0,0,0,0,0,0
Somalia,2008-11-01,0,0,0,0,0,0
Somalia,2008-12-01,0,0,0,0,0,0
Somalia,2009-01-01,0,0,0,0,0,0
Somalia,2009-02-01,0,0,0,0,0,0
Somalia,2009-03-01,0,0,0,0,0,0
Somalia,2009-04-01,0,0,0,0,0,0
Somalia,2009-05-01,0,0,0,0,0,0
Somalia,2009-06-01,0,0,0,0,0,0
Somalia,2009-07-01,0,0,0,0,0,0
Somalia,2009-08-01,0,0,0,0,0,0
Somalia,2009-09-01,0,0,0,0,0,0
Somalia,2009-10-01,0,0,0,0,0,0
Somalia,2009-11-01,0,0,0,0,0,0
Somalia,2009-12-01,0,0,0,0,0,0
Somalia,2010-01-01,0,0,0,0,0,0
Somalia,2010-02-01,0,0,0,0,0,0
Somalia,2010-03-01,0,0,0,0,0,0
Somalia,2010-04-01,0,0,0,0,0,0
Somalia,2010-05-01,0,0,0,0,0,0
Somalia,2010-06-01,0,0,0,0,0,0
Somalia,2010-07-01,0,0,0,0,0,0
Somalia,2010-08-01,0,0,0,0,0,0
Somalia,2010-09-01,0,0,0,0,0,0
Somalia,2010-10-01,0,0,0,0,0,0
Somalia,2010-11-01,0,0,0,0,0,0
Somalia,2010-12-01,0,0,0,0,0,0
Somalia,2011-01-01,0,0,0,0,0,0
Somalia,2011-02-01,0,0,0,0,0,0
Somalia,2011-03-01,0,0,0,0,0,0
Somalia,2011-04-01,0,0,0,0,0,0
Somalia,2011-05-01,0,0,0,0,0,0
Somalia,2011-06-01,0,0,0,0,0,0
Somalia,2011-07-01,0,0,0,0,0,0
Somalia,2011-08-01,0,0,0,0,0,0
Somalia,2011-09-01,0,0,0,0,0,0
Somalia,2011-10-01,0,0,0,0,0,0
Somalia,2011-11-01,0,0,0,0,0,0
Somalia,2011-12-01,0,0,0,0,0,0
Somalia,2012-01-01,0,0,0,0,0,0
Somalia,2012-02-01,0,0,0,0,0,0
Somalia,2012-03-01,0,0,0,0,0,0
Somalia,2012-04-01,36,0,1,11,3,51
Somalia,2012-05-01,29,0,0,9,2,40
Somalia,2012-06-01,24,0,0,8,2,34
Somalia,2012-07-01,27,0,0,9,4,40
Somalia,2012-08-01,49,0,-1,28,8,84
Somalia,2012-09-01,44,0,0,12,13,69
Somalia,2012-10-01,74,0,-1,1,6,80
Somalia,2012-11-01,24,0,0,1,2,27
Somalia,2012-12-01,21,0,0,-2,3,22
Somalia,2013-01-01,56,0,0,17,9,82
Somalia,2013-02-01,40,2,0,13,9,64
Somalia,2013-03-01,75,0,0,9,17,101
Somalia,2013-04-01,554,24,-6,152,177,901
Somalia,2013-05-01,476,12,-4,161,124,769
Somalia,2013-06-01,630,16,0,144,191,981
Somalia,2013-07-01,607,31,-2,241,211,1088
Somalia,2013-08-01,743,20,-13,313,238,1301
Somalia,2013-09-01,979,36,-8,265,372,1644
Somalia,2013-10-01,964,26,-17,370,326,1669
Somalia,2013-11-01,703,38,-25,307,236,1259
Somalia,2013-12-01,618,16,-8,235,214,1075
Somalia,2014-01-01,637,16,-7,221,200,1067
Somalia,2014-02-01,719,38,-3,239,272,1265
Somalia,2014-03-01,710,40,-5,206,234,1185
Somalia,2014-04-01,744,16,3,233,211,1207
Somalia,2014-05-01,749,60,-13,186,279,1261
Somalia,2014-06-01,767,30,-6,231,220,1242
Somalia,2014-07-01,820,36,-6,248,248,1346
Somalia,2014-08-01,621,44,-2,300,187,1150
Somalia,2014-09-01,794,26,-11,213,247,1269
Somalia,2014-10-01,713,28,-3,257,225,1220
Somalia,2014-11-01,669,24,-3,212,175,1077
Somalia,2014-12-01,673,10,-25,171,198,1027
Somalia,2015-01-01,645,30,-11,161,260,1085
Somalia,2015-02-01,376,18,3,98,112,607
Syria,2003-05-01,0,0,0,0,0,0
Syria,2003-06-01,5,0,0,0,0,5
Syria,2003-07-01,6,0,0,0,0,6
Syria,2003-08-01,0,0,0,0,0,0
Syria,2003-09-01,0,0,0,0,1,1
Syria,2003-10-01,1,0,0,0,0,1
Syria,2003-11-01,-3,0,0,0,0,-3
Syria,2003-12-01,11,0,0,0,0,11
Syria,2004-01-01,12,0,0,0,0,12
Syria,2004-02-01,0,0,0,0,1,1
Syria,2004-03-01,9,0,0,3,0,12
Syria,2004-04-01,6,0,0,0,0,6
Syria,2004-05-01,0,0,0,0,0,0
Syria,2004-06-01,3,0,0,0,0,3
Syria,2004-07-01,4,0,0,0,0,4
Syria,2004-08-01,0,0,0,0,0,0
Syria,2004-09-01,9,0,0,6,0,15
Syria,2004-10-01,0,0,0,0,0,0
Syria,2004-11-01,0,0,0,3,0,3
Syria,2004-12-01,0,0,0,0,0,0
Syria,2005-01-01,9,0,0,0,1,10
Syria,2005-02-01,0,0,0,0,0,0
Syria,2005-03-01,0,0,0,0,0,0
Syria,2005-04-01,0,0,0,0,0,0
Syria,2005-05-01,0,0,0,0,0,0
Syria,2005-06-01,0,0,0,0,0,0
Syria,2005-07-01,0,0,0,0,0,0
Syria,2005-08-01,0,0,0,0,0,0
Syria,2005-09-01,0,0,0,0,0,0
Syria,2005-10-01,0,0,0,0,0,0
Syria,2005-11-01,0,0,0,0,0,0
Syria,2005-12-01,0,0,0,0,0,0
Syria,2006-01-01,0,0,0,0,0,0
Syria,2006-02-01,0,0,0,0,0,0
Syria,2006-03-01,0,0,0,0,0,0
Syria,2006-04-01,0,0,0,0,0,0
Syria,2006-05-01,0,0,0,0,0,0
Syria,2006-06-01,0,0,0,0,0,0
Syria,2006-07-01,0,0,0,0,0,0
Syria,2006-08-01,0,0,0,0,0,0
Syria,2006-09-01,0,0,0,0,0,0
Syria,2006-10-01,0,0,0,0,0,0
Syria,2006-11-01,0,0,0,0,0,0
Syria,2006-12-01,0,0,0,0,0,0
Syria,2007-01-01,0,0,0,0,0,0
Syria,2007-02-01,0,0,0,0,0,0
Syria,2007-03-01,0,0,0,0,0,0
Syria,2007-04-01,0,0,0,0,0,0
Syria,2007-05-01,0,0,0,0,0,0
Syria,2007-06-01,0,0,0,0,0,0
Syria,2007-07-01,0,0,0,0,0,0
Syria,2007-08-01,0,0,0,0,0,0
Syria,2007-09-01,0,0,0,0,0,0
Syria,2007-10-01,0,0,0,0,0,0
Syria,2007-11-01,0,0,0,0,0,0
Syria,2007-12-01,0,0,0,0,0,0
Syria,2008-01-01,0,0,0,0,0,0
Syria,2008-02-01,0,0,0,0,0,0
Syria,2008-03-01,0,0,0,0,0,0
Syria,2008-04-01,0,0,0,0,0,0
Syria,2008-05-01,0,0,0,0,0,0
Syria,2008-06-01,0,0,0,0,0,0
Syria,2008-07-01,0,0,0,0,0,0
Syria,2008-08-01,0,0,0,0,0,0
Syria,2008-09-01,0,0,0,0,0,0
Syria,2008-10-01,0,0,0,0,0,0
Syria,2008-11-01,0,0,0,0,0,0
Syria,2008-12-01,0,0,0,0,0,0
Syria,2009-01-01,0,0,0,0,0,0
Syria,2009-02-01,0,0,0,0,0,0
Syria,2009-03-01,0,0,0,0,0,0
Syria,2009-04-01,0,0,0,0,0,0
Syria,2009-05-01,0,0,0,0,0,0
Syria,2009-06-01,0,0,0,0,0,0
Syria,2009-07-01,0,0,0,0,0,0
Syria,2009-08-01,0,0,0,0,0,0
Syria,2009-09-01,0,0,0,0,0,0
Syria,2009-10-01,0,0,0,0,0,0
Syria,2009-11-01,0,0,0,0,0,0
Syria,2009-12-01,0,0,0,0,0,0
Syria,2010-01-01,0,0,0,0,0,0
Syria,2010-02-01,0,0,0,0,0,0
Syria,2010-03-01,0,0,0,0,0,0
Syria,2010-04-01,0,0,0,0,0,0
Syria,2010-05-01,0,0,0,0,0,0
Syria,2010-06-01,0,0,0,0,0,0
Syria,2010-07-01,0,0,0,0,0,0
Syria,2010-08-01,0,0,0,0,0,0
Syria,2010-09-01,0,0,0,0,0,0
Syria,2010-10-01,0,0,0,0,0,0
Syria,2010-11-01,0,0,0,0,0,0
Syria,2010-12-01,0,0,0,0,0,0
Syria,2011-01-01,0,0,0,0,0,0
Syria,2011-02-01,0,0,0,0,0,0
Syria,2011-03-01,0,0,0,0,0,0
Syria,2011-04-01,0,0,0,0,0,0
Syria,2011-05-01,0,0,0,0,0,0
Syria,2011-06-01,0,0,0,0,0,0
Syria,2011-07-01,0,0,0,0,0,0
Syria,2011-08-01,0,0,0,0,0,0
Syria,2011-09-01,0,0,0,0,0,0
Syria,2011-10-01,0,0,0,0,0,0
Syria,2011-11-01,0,0,0,0,0,0
Syria,2011-12-01,0,0,0,0,0,0
Syria,2012-01-01,0,0,0,0,0,0
Syria,2012-02-01,0,0,0,0,0,0
Syria,2012-03-01,0,0,0,0,0,0
Syria,2012-04-01,92,0,-3,19,4,112
Syria,2012-05-01,48,0,-1,45,6,98
Syria,2012-06-01,68,0,1,3,8,80
Syria,2012-07-01,66,0,0,26,9,101
Syria,2012-08-01,91,4,0,68,28,191
Syria,2012-09-01,190,4,0,41,17,252
Syria,2012-10-01,75,0,0,36,16,127
Syria,2012-11-01,89,0,-2,18,9,114
Syria,2012-12-01,80,12,0,45,19,156
Syria,2013-01-01,101,8,1,45,13,168
Syria,2013-02-01,109,4,2,43,8,166
Syria,2013-03-01,277,2,-14,102,42,409
Syria,2013-04-01,1135,33,-8,283,319,1762
Syria,2013-05-01,1393,41,-17,290,394,2101
Syria,2013-06-01,1465,94,-26,465,503,2501
Syria,2013-07-01,1440,68,-25,464,489,2436
Syria,2013-08-01,2065,66,-16,575,694,3384
Syria,2013-09-01,2095,132,-9,710,759,3687
Syria,2013-10-01,1475,92,-12,497,586,2638
Syria,2013-11-01,1468,80,-34,538,599,2651
Syria,2013-12-01,1362,104,-25,522,538,2501
Syria,2014-01-01,1450,101,-18,517,544,2594
Syria,2014-02-01,1520,68,-34,489,558,2601
Syria,2014-03-01,1458,72,-12,544,477,2539
Syria,2014-04-01,1297,74,-25,445,512,2303
Syria,2014-05-01,1185,72,-24,470,528,2231
Syria,2014-06-01,1399,88,-10,494,621,2592
Syria,2014-07-01,1283,78,-8,507,526,2386
Syria,2014-08-01,1767,74,4,797,600,3242
Syria,2014-09-01,1920,116,-18,700,656,3374
Syria,2014-10-01,1831,101,-11,751,719,3391
Syria,2014-11-01,1385,72,-20,610,553,2600
Syria,2014-12-01,1189,78,-4,580,443,2286
Syria,2015-01-01,1639,102,3,665,617,3026
Syria,2015-02-01,791,54,-6,352,328,1519
Trkiye,2003-04-01,3,0,0,0,0,3
Trkiye,2003-05-01,0,0,0,0,0,0
Trkiye,2003-06-01,0,0,0,4,1,5
Trkiye,2003-07-01,0,0,0,-2,0,-2
Trkiye,2003-08-01,0,0,0,0,0,0
Trkiye,2003-09-01,2,0,0,0,0,2
Trkiye,2003-10-01,13,0,0,0,0,13
Trkiye,2003-11-01,1,0,0,3,0,4
Trkiye,2003-12-01,0,0,0,0,0,0
Trkiye,2004-01-01,3,0,0,0,0,3
Trkiye,2004-02-01,0,0,0,0,-2,-2
Trkiye,2004-03-01,3,0,0,6,0,9
Trkiye,2004-04-01,0,0,0,0,0,0
Trkiye,2004-05-01,2,0,0,0,0,2
Trkiye,2004-06-01,0,0,0,0,0,0
Trkiye,2004-07-01,0,0,0,0,0,0
Trkiye,2004-08-01,0,0,0,0,1,1
Trkiye,2004-09-01,0,0,0,3,0,3
Trkiye,2004-10-01,4,0,0,-2,0,2
Trkiye,2004-11-01,2,0,0,0,0,2
Trkiye,2004-12-01,3,0,0,0,0,3
Trkiye,2005-01-01,8,0,0,0,0,8
Trkiye,2005-02-01,0,0,0,0,0,0
Trkiye,2005-03-01,0,0,0,0,0,0
Trkiye,2005-04-01,0,0,0,0,0,0
Trkiye,2005-05-01,0,0,0,0,0,0
Trkiye,2005-06-01,0,0,0,0,0,0
Trkiye,2005-07-01,0,0,0,0,0,0
Trkiye,2005-08-01,0,0,0,0,0,0
Trkiye,2005-09-01,0,0,0,0,0,0
Trkiye,2005-10-01,0,0,0,0,0,0
Trkiye,2005-11-01,0,0,0,0,0,0
Trkiye,2005-12-01,0,0,0,0,0,0
Trkiye,2006-01-01,0,0,0,0,0,0
Trkiye,2006-02-01,0,0,0,0,0,0
Trkiye,2006-03-01,0,0,0,0,0,0
Trkiye,2006-04-01,0,0,0,0,0,0
Trkiye,2006-05-01,0,0,0,0,0,0
Trkiye,2006-06-01,0,0,0,0,0,0
Trkiye,2006-07-01,0,0,0,0,0,0
Trkiye,2006-08-01,0,0,0,0,0,0
Trkiye,2006-09-01,0,0,0,0,0,0
Trkiye,2006-10-01,0,0,0,0,0,0
Trkiye,2006-11-01,0,0,0,0,0,0
Trkiye,2006-12-01,0,0,0,0,0,0
Trkiye,2007-01-01,0,0,0,0,0,0
Trkiye,2007-02-01,0,0,0,0,0,0
Trkiye,2007-03-01,0,0,0,0,0,0
Trkiye,2007-04-01,0,0,0,0,0,0
Trkiye,2007-05-01,0,0,0,0,0,0
Trkiye,2007-06-01,0,0,0,0,0,0
Trkiye,2007-07-01,0,0,0,0,0,0
Trkiye,2007-08-01,0,0,0,0,0,0
Trkiye,2007-09-01,0,0,0,0,0,0
Trkiye,2007-10-01,0,0,0,0,0,0
Trkiye,2007-11-01,0,0,0,0,0,0
Trkiye,2007-12-01,0,0,0,0,0,0
Trkiye,2008-01-01,0,0,0,0,0,0
Trkiye,2008-02-01,0,0,0,0,0,0
Trkiye,2008-03-01,0,0,0,0,0,0
Trkiye,2008-04-01,0,0,0,0,0,0
Trkiye,2008-05-01,0,0,0,0,0,0
Trkiye,2008-06-01,0,0,0,0,0,0
Trkiye,2008-07-01,0,0,0,0,0,0
Trkiye,2008-08-01,0,0,0,0,0,0
Trkiye,2008-09-01,0,0,0,0,0,0
Trkiye,2008-10-01,0,0,0,0,0,0
Trkiye,2008-11-01,0,0,0,0,0,0
Trkiye,2008-12-01,0,0,0,0,0,0
Trkiye,2009-01-01,0,0,0,0,0,0
Trkiye,2009-02-01,0,0,0,0,0,0
Trkiye,2009-03-01,0,0,0,0,0,0
Trkiye,2009-04-01,0,0,0,0,0,0
Trkiye,2009-05-01,0,0,0,0,0,0
Trkiye,2009-06-01,0,0,0,0,0,0
Trkiye,2009-07-01,0,0,0,0,0,0
Trkiye,2009-08-01,0,0,0,0,0,0
Trkiye,2009-09-01,0,0,0,0,0,0
Trkiye,2009-10-01,0,0,0,0,0,0
Trkiye,2009-11-01,0,0,0,0,0,0
Trkiye,2009-12-01,0,0,0,0,0,0
Trkiye,2010-01-01,0,0,0,0,0,0
Trkiye,2010-02-01,0,0,0,0,0,0
Trkiye,2010-03-01,0,0,0,0,0,0
Trkiye,2010-04-01,0,0,0,0,0,0
Trkiye,2010-05-01,0,0,0,0,0,0
Trkiye,2010-06-01,0,0,0,0,0,0
Trkiye,2010-07-01,0,0,0,0,0,0
Trkiye,2010-08-01,0,0,0,0,0,0
Trkiye,2010-09-01,0,0,0,0,0,0
Trkiye,2010-10-01,0,0,0,0,0,0
Trkiye,2010-11-01,0,0,0,0,0,0
Trkiye,2010-12-01,0,0,0,0,0,0
Trkiye,2011-01-01,0,0,0,0,0,0
Trkiye,2011-02-01,0,0,0,0,0,0
Trkiye,2011-03-01,0,0,0,0,0,0
Trkiye,2011-04-01,0,0,0,0,0,0
Trkiye,2011-05-01,0,0,0,0,0,0
Trkiye,2011-06-01,0,0,0,0,0,0
Trkiye,2011-07-01,0,0,0,0,0,0
Trkiye,2011-08-01,0,0,0,0,0,0
Trkiye,2011-09-01,0,0,0,0,0,0
Trkiye,2011-10-01,0,0,0,0,0,0
Trkiye,2011-11-01,0,0,0,0,0,0
Trkiye,2011-12-01,0,0,0,0,0,0
Trkiye,2012-01-01,0,0,0,0,0,0
Trkiye,2012-02-01,0,0,0,0,0,0
Trkiye,2012-03-01,0,0,0,0,0,0
Trkiye,2012-04-01,29,0,0,15,0,44
Trkiye,2012-05-01,10,0,-2,18,1,27
Trkiye,2012-06-01,17,0,0,30,3,50
Trkiye,2012-07-01,20,0,0,33,3,56
Trkiye,2012-08-01,36,0,0,58,7,101
Trkiye,2012-09-01,55,2,0,34,3,94
Trkiye,2012-10-01,45,2,2,23,5,77
Trkiye,2012-11-01,65,2,0,13,9,89
Trkiye,2012-12-01,50,4,-2,21,3,76
Trkiye,2013-01-01,41,0,2,27,5,75
Trkiye,2013-02-01,68,0,2,25,20,115
Trkiye,2013-03-01,91,0,-6,86,42,213
Trkiye,2013-04-01,474,13,-13,226,168,868
Trkiye,2013-05-01,702,23,-30,315,262,1272
Trkiye,2013-06-01,984,18,-20,516,500,1998
Trkiye,2013-07-01,978,34,-29,386,424,1793
Trkiye,2013-08-01,1065,32,-8,562,388,2039
Trkiye,2013-09-01,1059,52,-48,486,373,1922
Trkiye,2013-10-01,900,47,-44,443,327,1673
Trkiye,2013-11-01,853,93,-47,460,340,1699
Trkiye,2013-12-01,878,54,-40,537,364,1793
Trkiye,2014-01-01,885,26,-39,495,277,1644
Trkiye,2014-02-01,884,44,-20,472,361,1741
Trkiye,2014-03-01,1004,30,-5,516,355,1900
Trkiye,2014-04-01,914,40,-6,472,304,1724
Trkiye,2014-05-01,940,48,-14,444,408,1826
Trkiye,2014-06-01,900,38,-49,530,344,1763
Trkiye,2014-07-01,968,57,-14,464,372,1847
Trkiye,2014-08-01,1013,46,-22,448,302,1787
Trkiye,2014-09-01,1201,82,-15,549,346,2163
Trkiye,2014-10-01,1576,88,-28,674,543,2853
Trkiye,2014-11-01,1038,97,-24,451,356,1918
Trkiye,2014-12-01,921,54,-24,458,324,1733
Trkiye,2015-01-01,1228,60,-10,574,557,2409
Trkiye,2015-02-01,539,42,-1,262,234,1076
Yemen,2003-05-01,4,0,0,3,0,7
Yemen,2003-06-01,0,0,0,0,0,0
Yemen,2003-07-01,0,0,0,6,0,6
Yemen,2003-08-01,0,0,0,0,0,0
Yemen,2003-09-01,0,0,0,0,0,0
Yemen,2003-10-01,0,0,0,0,0,0
Yemen,2003-11-01,1,0,0,0,0,1
Yemen,2003-12-01,9,0,0,0,0,9
Yemen,2004-01-01,14,0,0,12,0,26
Yemen,2004-02-01,2,0,0,0,0,2
Yemen,2004-03-01,3,0,0,12,0,15
Yemen,2004-04-01,4,0,0,6,0,10
Yemen,2004-05-01,0,0,0,3,0,3
Yemen,2004-06-01,3,0,0,0,0,3
Yemen,2004-07-01,0,0,0,0,0,0
Yemen,2004-08-01,0,0,0,0,0,0
Yemen,2004-09-01,3,0,0,0,0,3
Yemen,2004-10-01,0,0,0,3,0,3
Yemen,2004-11-01,0,0,0,0,0,0
Yemen,2004-12-01,0,0,0,0,0,0
Yemen,2005-01-01,2,0,0,0,0,2
Yemen,2005-02-01,9,0,0,0,0,9
Yemen,2005-03-01,0,0,0,0,0,0
Yemen,2005-04-01,0,0,0,0,0,0
Yemen,2005-05-01,0,0,0,0,0,0
Yemen,2005-06-01,0,0,0,0,0,0
Yemen,2005-07-01,0,0,0,0,0,0
Yemen,2005-08-01,0,0,0,0,0,0
Yemen,2005-09-01,0,0,0,0,0,0
Yemen,2005-10-01,0,0,0,0,0,0
Yemen,2005-11-01,0,0,0,0,0,0
Yemen,2005-12-01,0,0,0,0,0,0
Yemen,2006-01-01,0,0,0,0,0,0
Yemen,2006-02-01,0,0,0,0,0,0
Yemen,2006-03-01,0,0,0,0,0,0
Yemen,2006-04-01,0,0,0,0,0,0
Yemen,2006-05-01,0,0,0,0,0,0
Yemen,2006-06-01,0,0,0,0,0,0
Yemen,2006-07-01,0,0,0,0,0,0
Yemen,2006-08-01,0,0,0,0,0,0
Yemen,2006-09-01,0,0,0,0,0,0
Yemen,2006-10-01,0,0,0,0,0,0
Yemen,2006-11-01,0,0,0,0,0,0
Yemen,2006-12-01,0,0,0,0,0,0
Yemen,2007-01-01,0,0,0,0,0,0
Yemen,2007-02-01,0,0,0,0,0,0
Yemen,2007-03-01,0,0,0,0,0,0
Yemen,2007-04-01,0,0,0,0,0,0
Yemen,2007-05-01,0,0,0,0,0,0
Yemen,2007-06-01,0,0,0,0,0,0
Yemen,2007-07-01,0,0,0,0,0,0
Yemen,2007-08-01,0,0,0,0,0,0
Yemen,2007-09-01,0,0,0,0,0,0
Yemen,2007-10-01,0,0,0,0,0,0
Yemen,2007-11-01,0,0,0,0,0,0
Yemen,2007-12-01,0,0,0,0,0,0
Yemen,2008-01-01,0,0,0,0,0,0
Yemen,2008-02-01,0,0,0,0,0,0
Yemen,2008-03-01,0,0,0,0,0,0
Yemen,2008-04-01,0,0,0,0,0,0
Yemen,2008-05-01,0,0,0,0,0,0
Yemen,2008-06-01,0,0,0,0,0,0
Yemen,2008-07-01,0,0,0,0,0,0
Yemen,2008-08-01,0,0,0,0,0,0
Yemen,2008-09-01,0,0,0,0,0,0
Yemen,2008-10-01,0,0,0,0,0,0
Yemen,2008-11-01,0,0,0,0,0,0
Yemen,2008-12-01,0,0,0,0,0,0
Yemen,2009-01-01,0,0,0,0,0,0
Yemen,2009-02-01,0,0,0,0,0,0
Yemen,2009-03-01,0,0,0,0,0,0
Yemen,2009-04-01,0,0,0,0,0,0
Yemen,2009-05-01,0,0,0,0,0,0
Yemen,2009-06-01,0,0,0,0,0,0
Yemen,2009-07-01,0,0,0,0,0,0
Yemen,2009-08-01,0,0,0,0,0,0
Yemen,2009-09-01,0,0,0,0,0,0
Yemen,2009-10-01,0,0,0,0,0,0
Yemen,2009-11-01,0,0,0,0,0,0
Yemen,2009-12-01,0,0,0,0,0,0
Yemen,2010-01-01,0,0,0,0,0,0
Yemen,2010-02-01,0,0,0,0,0,0
Yemen,2010-03-01,0,0,0,0,0,0
Yemen,2010-04-01,0,0,0,0,0,0
Yemen,2010-05-01,0,0,0,0,0,0
Yemen,2010-06-01,0,0,0,0,0,0
Yemen,2010-07-01,0,0,0,0,0,0
Yemen,2010-08-01,0,0,0,0,0,0
Yemen,2010-09-01,0,0,0,0,0,0
Yemen,2010-10-01,0,0,0,0,0,0
Yemen,2010-11-01,0,0,0,0,0,0
Yemen,2010-12-01,0,0,0,0,0,0
Yemen,2011-01-01,0,0,0,0,0,0
Yemen,2011-02-01,0,0,0,0,0,0
Yemen,2011-03-01,0,0,0,0,0,0
Yemen,2011-04-01,0,0,0,0,0,0
Yemen,2011-05-01,0,0,0,0,0,0
Yemen,2011-06-01,0,0,0,0,0,0
Yemen,2011-07-01,0,0,0,0,0,0
Yemen,2011-08-01,0,0,0,0,0,0
Yemen,2011-09-01,0,0,0,0,0,0
Yemen,2011-10-01,0,0,0,0,0,0
Yemen,2011-11-01,0,0,0,0,0,0
Yemen,2011-12-01,0,0,0,0,0,0
Yemen,2012-01-01,0,0,0,0,0,0
Yemen,2012-02-01,0,0,0,0,0,0
Yemen,2012-03-01,0,0,0,0,0,0
Yemen,2012-04-01,3,0,-1,3,0,5
Yemen,2012-05-01,12,0,-2,13,1,24
Yemen,2012-06-01,30,0,-6,9,2,35
Yemen,2012-07-01,27,0,0,4,0,31
Yemen,2012-08-01,43,0,-2,1,15,57
Yemen,2012-09-01,56,0,0,9,8,73
Yemen,2012-10-01,38,0,0,-2,0,36
Yemen,2012-11-01,12,0,0,3,0,15
Yemen,2012-12-01,25,4,0,7,11,47
Yemen,2013-01-01,19,0,0,15,3,37
Yemen,2013-02-01,27,2,0,23,3,55
Yemen,2013-03-01,25,0,1,25,1,52
Yemen,2013-04-01,283,0,-1,117,50,449
Yemen,2013-05-01,300,4,-6,108,76,482
Yemen,2013-06-01,492,6,-9,221,163,873
Yemen,2013-07-01,513,12,-14,150,144,805
Yemen,2013-08-01,873,14,-18,259,255,1383
Yemen,2013-09-01,646,10,-20,189,239,1064
Yemen,2013-10-01,678,2,-12,192,189,1049
Yemen,2013-11-01,646,18,6,224,146,1040
Yemen,2013-12-01,688,20,-22,207,302,1195
Yemen,2014-01-01,636,22,-18,196,185,1021
Yemen,2014-02-01,630,20,-23,201,234,1062
Yemen,2014-03-01,669,0,-10,266,176,1101
Yemen,2014-04-01,765,14,-12,268,204,1239
Yemen,2014-05-01,835,14,-17,269,345,1446
Yemen,2014-06-01,670,10,-7,246,229,1148
Yemen,2014-07-01,651,10,-7,245,187,1086
Yemen,2014-08-01,744,16,-25,234,259,1228
Yemen,2014-09-01,965,12,-18,320,376,1655
Yemen,2014-10-01,748,12,-35,191,411,1327
Yemen,2014-11-01,699,6,-17,209,219,1116
Yemen,2014-12-01,647,24,-18,218,299,1170
Yemen,2015-01-01,1062,12,-66,436,413,1857
Yemen,2015-02-01,502,20,-22,197,213,910
