country,year_month,Conflict,Economic,Governance,Other,Political,Social,Unknown,push_factor_index
Afghanistan,2003-04,4,0,0,0,6,0,0,10
Afghanistan,2003-05,1,0,0,0,0,0,0,1
Afghanistan,2003-06,16,0,0,0,-2,0,0,14
Afghanistan,2003-07,5,0,0,0,0,0,0,5
Afghanistan,2003-08,4,0,0,0,6,0,0,10
Afghanistan,2003-09,6,0,0,0,4,0,0,10
Afghanistan,2003-10,0,0,0,0,3,1,0,4
Afghanistan,2003-11,7,0,0,0,0,0,0,7
Afghanistan,2003-12,26,0,0,0,0,0,0,26
Afghanistan,2004-01,3,0,0,0,0,0,0,3
Afghanistan,2004-02,4,0,0,0,-4,0,0,0
Afghanistan,2004-03,8,0,0,0,7,0,0,15
Afghanistan,2004-04,11,0,-2,0,-2,2,0,9
Afghanistan,2004-05,4,0,0,0,0,0,0,4
Afghanistan,2004-06,7,0,0,0,0,0,0,7
Afghanistan,2004-07,6,0,0,0,0,0,0,6
Afghanistan,2004-08,6,0,0,0,0,0,0,6
Afghanistan,2004-09,11,0,0,0,0,0,0,11
Afghanistan,2004-10,5,0,0,0,1,0,0,6
Afghanistan,2004-11,11,0,0,0,0,0,0,11
Afghanistan,2004-12,6,0,0,0,0,0,0,6
Afghanistan,2005-01,9,0,0,0,0,0,0,9
Afghanistan,2005-02,15,0,0,0,0,0,0,15
Afghanistan,2005-03,0,0,0,0,0,0,0,0
Afghanistan,2005-04,0,0,0,0,0,0,0,0
Afghanistan,2005-05,0,0,0,0,0,0,0,0
Afghanistan,2005-06,0,0,0,0,0,0,0,0
Afghanistan,2005-07,0,0,0,0,0,0,0,0
Afghanistan,2005-08,0,0,0,0,0,0,0,0
Afghanistan,2005-09,0,0,0,0,0,0,0,0
Afghanistan,2005-10,0,0,0,0,0,0,0,0
Afghanistan,2005-11,0,0,0,0,0,0,0,0
Afghanistan,2005-12,0,0,0,0,0,0,0,0
Afghanistan,2006-01,0,0,0,0,0,0,0,0
Afghanistan,2006-02,0,0,0,0,0,0,0,0
Afghanistan,2006-03,0,0,0,0,0,0,0,0
Afghanistan,2006-04,0,0,0,0,0,0,0,0
Afghanistan,2006-05,0,0,0,0,0,0,0,0
Afghanistan,2006-06,0,0,0,0,0,0,0,0
Afghanistan,2006-07,0,0,0,0,0,0,0,0
Afghanistan,2006-08,0,0,0,0,0,0,0,0
Afghanistan,2006-09,0,0,0,0,0,0,0,0
Afghanistan,2006-10,0,0,0,0,0,0,0,0
Afghanistan,2006-11,0,0,0,0,0,0,0,0
Afghanistan,2006-12,0,0,0,0,0,0,0,0
Afghanistan,2007-01,0,0,0,0,0,0,0,0
Afghanistan,2007-02,0,0,0,0,0,0,0,0
Afghanistan,2007-03,0,0,0,0,0,0,0,0
Afghanistan,2007-04,0,0,0,0,0,0,0,0
Afghanistan,2007-05,0,0,0,0,0,0,0,0
Afghanistan,2007-06,0,0,0,0,0,0,0,0
Afghanistan,2007-07,0,0,0,0,0,0,0,0
Afghanistan,2007-08,0,0,0,0,0,0,0,0
Afghanistan,2007-09,0,0,0,0,0,0,0,0
Afghanistan,2007-10,0,0,0,0,0,0,0,0
Afghanistan,2007-11,0,0,0,0,0,0,0,0
Afghanistan,2007-12,0,0,0,0,0,0,0,0
Afghanistan,2008-01,0,0,0,0,0,0,0,0
Afghanistan,2008-02,0,0,0,0,0,0,0,0
Afghanistan,2008-03,0,0,0,0,0,0,0,0
Afghanistan,2008-04,0,0,0,0,0,0,0,0
Afghanistan,2008-05,0,0,0,0,0,0,0,0
Afghanistan,2008-06,0,0,0,0,0,0,0,0
Afghanistan,2008-07,0,0,0,0,0,0,0,0
Afghanistan,2008-08,0,0,0,0,0,0,0,0
Afghanistan,2008-09,0,0,0,0,0,0,0,0
Afghanistan,2008-10,0,0,0,0,0,0,0,0
Afghanistan,2008-11,0,0,0,0,0,0,0,0
Afghanistan,2008-12,0,0,0,0,0,0,0,0
Afghanistan,2009-01,0,0,0,0,0,0,0,0
Afghanistan,2009-02,0,0,0,0,0,0,0,0
Afghanistan,2009-03,0,0,0,0,0,0,0,0
Afghanistan,2009-04,0,0,0,0,0,0,0,0
Afghanistan,2009-05,0,0,0,0,0,0,0,0
Afghanistan,2009-06,0,0,0,0,0,0,0,0
Afghanistan,2009-07,0,0,0,0,0,0,0,0
Afghanistan,2009-08,0,0,0,0,0,0,0,0
Afghanistan,2009-09,0,0,0,0,0,0,0,0
Afghanistan,2009-10,0,0,0,0,0,0,0,0
Afghanistan,2009-11,0,0,0,0,0,0,0,0
Afghanistan,2009-12,0,0,0,0,0,0,0,0
Afghanistan,2010-01,0,0,0,0,0,0,0,0
Afghanistan,2010-02,0,0,0,0,0,0,0,0
Afghanistan,2010-03,0,0,0,0,0,0,0,0
Afghanistan,2010-04,0,0,0,0,0,0,0,0
Afghanistan,2010-05,0,0,0,0,0,0,0,0
Afghanistan,2010-06,0,0,0,0,0,0,0,0
Afghanistan,2010-07,0,0,0,0,0,0,0,0
Afghanistan,2010-08,0,0,0,0,0,0,0,0
Afghanistan,2010-09,0,0,0,0,0,0,0,0
Afghanistan,2010-10,0,0,0,0,0,0,0,0
Afghanistan,2010-11,0,0,0,0,0,0,0,0
Afghanistan,2010-12,0,0,0,0,0,0,0,0
Afghanistan,2011-01,0,0,0,0,0,0,0,0
Afghanistan,2011-02,0,0,0,0,0,0,0,0
Afghanistan,2011-03,0,0,0,0,0,0,0,0
Afghanistan,2011-04,0,0,0,0,0,0,0,0
Afghanistan,2011-05,0,0,0,0,0,0,0,0
Afghanistan,2011-06,0,0,0,0,0,0,0,0
Afghanistan,2011-07,0,0,0,0,0,0,0,0
Afghanistan,2011-08,0,0,0,0,0,0,0,0
Afghanistan,2011-09,0,0,0,0,0,0,0,0
Afghanistan,2011-10,0,0,0,0,0,0,0,0
Afghanistan,2011-11,0,0,0,0,0,0,0,0
Afghanistan,2011-12,0,0,0,0,0,0,0,0
Afghanistan,2012-01,0,0,0,0,0,0,0,0
Afghanistan,2012-02,0,0,0,0,0,0,0,0
Afghanistan,2012-03,0,0,0,0,0,0,0,0
Afghanistan,2012-04,47,0,-4,0,7,8,0,58
Afghanistan,2012-05,25,0,-3,0,12,11,0,45
Afghanistan,2012-06,23,0,-3,0,-9,15,0,26
Afghanistan,2012-07,47,0,0,0,12,7,0,66
Afghanistan,2012-08,89,2,0,0,27,14,0,132
Afghanistan,2012-09,69,0,0,0,-15,11,0,65
Afghanistan,2012-10,70,0,-12,0,35,30,0,123
Afghanistan,2012-11,99,0,-6,0,18,9,0,120
Afghanistan,2012-12,124,2,-1,0,32,18,0,175
Afghanistan,2013-01,95,0,-2,0,14,12,0,119
Afghanistan,2013-02,103,0,0,0,31,14,0,148
Afghanistan,2013-03,98,2,0,0,38,12,0,150
Afghanistan,2013-04,819,10,-8,0,234,280,0,1335
Afghanistan,2013-05,873,34,0,0,259,364,0,1530
Afghanistan,2013-06,1072,38,-11,0,245,462,0,1806
Afghanistan,2013-07,963,64,5,0,304,453,0,1789
Afghanistan,2013-08,1084,72,5,0,351,469,0,1981
Afghanistan,2013-09,1194,60,-3,0,329,457,0,2037
Afghanistan,2013-10,995,56,-7,0,340,408,0,1792
Afghanistan,2013-11,1123,62,-11,0,394,422,0,1990
Afghanistan,2013-12,960,48,-20,0,336,384,0,1708
Afghanistan,2014-01,992,42,-21,0,263,427,0,1703
Afghanistan,2014-02,1000,38,-16,0,297,412,0,1731
Afghanistan,2014-03,1056,70,-36,0,357,464,0,1911
Afghanistan,2014-04,1030,64,-36,0,392,390,0,1840
Afghanistan,2014-05,1011,72,-24,0,303,430,0,1792
Afghanistan,2014-06,1226,68,-10,0,309,445,0,2038
Afghanistan,2014-07,1149,52,-51,0,316,502,0,1968
Afghanistan,2014-08,1111,44,-15,0,328,400,0,1868
Afghanistan,2014-09,1174,50,-34,0,346,452,0,1988
Afghanistan,2014-10,1092,66,-17,0,354,520,0,2015
Afghanistan,2014-11,973,62,-10,0,335,494,0,1854
Afghanistan,2014-12,1058,54,-22,0,391,426,0,1907
Afghanistan,2015-01,1014,54,-20,0,359,413,0,1820
Afghanistan,2015-02,525,24,7,0,200,209,0,965
Albania,2003-06,0,0,0,0,0,0,0,0
Albania,2003-07,0,0,0,0,0,0,0,0
Albania,2003-08,0,0,0,0,0,0,0,0
Albania,2003-09,0,0,0,0,0,0,0,0
Albania,2003-10,2,0,0,0,0,0,0,2
Albania,2003-11,0,0,0,0,0,0,0,0
Albania,2003-12,0,0,0,0,0,0,0,0
Albania,2004-01,0,0,0,0,0,0,0,0
Albania,2004-02,0,0,0,0,0,0,0,0
Albania,2004-03,0,0,0,0,0,0,0,0
Albania,2004-04,0,0,0,0,0,0,0,0
Albania,2004-05,0,0,0,0,0,0,0,0
Albania,2004-06,0,0,0,0,0,0,0,0
Albania,2004-07,0,0,0,0,0,0,0,0
Albania,2004-08,0,0,0,0,0,0,0,0
Albania,2004-09,0,0,0,0,0,0,0,0
Albania,2004-10,0,0,0,0,0,0,0,0
Albania,2004-11,0,0,0,0,0,0,0,0
Albania,2004-12,0,0,0,0,0,0,0,0
Albania,2005-01,1,0,0,0,0,0,0,1
Albania,2005-02,0,0,0,0,0,0,0,0
Albania,2005-03,0,0,0,0,0,0,0,0
Albania,2005-04,0,0,0,0,0,0,0,0
Albania,2005-05,0,0,0,0,0,0,0,0
Albania,2005-06,0,0,0,0,0,0,0,0
Albania,2005-07,0,0,0,0,0,0,0,0
Albania,2005-08,0,0,0,0,0,0,0,0
Albania,2005-09,0,0,0,0,0,0,0,0
Albania,2005-10,0,0,0,0,0,0,0,0
Albania,2005-11,0,0,0,0,0,0,0,0
Albania,2005-12,0,0,0,0,0,0,0,0
Albania,2006-01,0,0,0,0,0,0,0,0
Albania,2006-02,0,0,0,0,0,0,0,0
Albania,2006-03,0,0,0,0,0,0,0,0
Albania,2006-04,0,0,0,0,0,0,0,0
Albania,2006-05,0,0,0,0,0,0,0,0
Albania,2006-06,0,0,0,0,0,0,0,0
Albania,2006-07,0,0,0,0,0,0,0,0
Albania,2006-08,0,0,0,0,0,0,0,0
Albania,2006-09,0,0,0,0,0,0,0,0
Albania,2006-10,0,0,0,0,0,0,0,0
Albania,2006-11,0,0,0,0,0,0,0,0
Albania,2006-12,0,0,0,0,0,0,0,0
Albania,2007-01,0,0,0,0,0,0,0,0
Albania,2007-02,0,0,0,0,0,0,0,0
Albania,2007-03,0,0,0,0,0,0,0,0
Albania,2007-04,0,0,0,0,0,0,0,0
Albania,2007-05,0,0,0,0,0,0,0,0
Albania,2007-06,0,0,0,0,0,0,0,0
Albania,2007-07,0,0,0,0,0,0,0,0
Albania,2007-08,0,0,0,0,0,0,0,0
Albania,2007-09,0,0,0,0,0,0,0,0
Albania,2007-10,0,0,0,0,0,0,0,0
Albania,2007-11,0,0,0,0,0,0,0,0
Albania,2007-12,0,0,0,0,0,0,0,0
Albania,2008-01,0,0,0,0,0,0,0,0
Albania,2008-02,0,0,0,0,0,0,0,0
Albania,2008-03,0,0,0,0,0,0,0,0
Albania,2008-04,0,0,0,0,0,0,0,0
Albania,2008-05,0,0,0,0,0,0,0,0
Albania,2008-06,0,0,0,0,0,0,0,0
Albania,2008-07,0,0,0,0,0,0,0,0
Albania,2008-08,0,0,0,0,0,0,0,0
Albania,2008-09,0,0,0,0,0,0,0,0
Albania,2008-10,0,0,0,0,0,0,0,0
Albania,2008-11,0,0,0,0,0,0,0,0
Albania,2008-12,0,0,0,0,0,0,0,0
Albania,2009-01,0,0,0,0,0,0,0,0
Albania,2009-02,0,0,0,0,0,0,0,0
Albania,2009-03,0,0,0,0,0,0,0,0
Albania,2009-04,0,0,0,0,0,0,0,0
Albania,2009-05,0,0,0,0,0,0,0,0
Albania,2009-06,0,0,0,0,0,0,0,0
Albania,2009-07,0,0,0,0,0,0,0,0
Albania,2009-08,0,0,0,0,0,0,0,0
Albania,2009-09,0,0,0,0,0,0,0,0
Albania,2009-10,0,0,0,0,0,0,0,0
Albania,2009-11,0,0,0,0,0,0,0,0
Albania,2009-12,0,0,0,0,0,0,0,0
Albania,2010-01,0,0,0,0,0,0,0,0
Albania,2010-02,0,0,0,0,0,0,0,0
Albania,2010-03,0,0,0,0,0,0,0,0
Albania,2010-04,0,0,0,0,0,0,0,0
Albania,2010-05,0,0,0,0,0,0,0,0
Albania,2010-06,0,0,0,0,0,0,0,0
Albania,2010-07,0,0,0,0,0,0,0,0
Albania,2010-08,0,0,0,0,0,0,0,0
Albania,2010-09,0,0,0,0,0,0,0,0
Albania,2010-10,0,0,0,0,0,0,0,0
Albania,2010-11,0,0,0,0,0,0,0,0
Albania,2010-12,0,0,0,0,0,0,0,0
Albania,2011-01,0,0,0,0,0,0,0,0
Albania,2011-02,0,0,0,0,0,0,0,0
Albania,2011-03,0,0,0,0,0,0,0,0
Albania,2011-04,0,0,0,0,0,0,0,0
Albania,2011-05,0,0,0,0,0,0,0,0
Albania,2011-06,0,0,0,0,0,0,0,0
Albania,2011-07,0,0,0,0,0,0,0,0
Albania,2011-08,0,0,0,0,0,0,0,0
Albania,2011-09,0,0,0,0,0,0,0,0
Albania,2011-10,0,0,0,0,0,0,0,0
Albania,2011-11,0,0,0,0,0,0,0,0
Albania,2011-12,0,0,0,0,0,0,0,0
Albania,2012-01,0,0,0,0,0,0,0,0
Albania,2012-02,0,0,0,0,0,0,0,0
Albania,2012-03,0,0,0,0,0,0,0,0
Albania,2012-04,0,0,0,0,0,0,0,0
Albania,2012-05,0,0,0,0,0,0,0,0
Albania,2012-06,4,0,0,0,0,0,0,4
Albania,2012-07,2,0,0,0,3,1,0,6
Albania,2012-08,3,0,0,0,9,0,0,12
Albania,2012-09,0,0,0,0,0,2,0,2
Albania,2012-10,2,0,0,0,0,0,0,2
Albania,2012-11,2,0,0,0,9,0,0,11
Albania,2012-12,0,0,7,0,0,0,0,7
Albania,2013-01,2,0,0,0,9,0,0,11
Albania,2013-02,2,0,0,0,3,0,0,5
Albania,2013-03,3,0,0,0,0,0,0,3
Albania,2013-04,71,0,-5,0,33,11,0,110
Albania,2013-05,33,0,-4,0,21,7,0,57
Albania,2013-06,135,2,-10,0,40,39,0,206
Albania,2013-07,181,0,-2,0,77,29,0,285
Albania,2013-08,144,0,0,0,64,9,0,217
Albania,2013-09,134,0,-7,0,39,27,0,193
Albania,2013-10,100,0,-2,0,38,25,0,161
Albania,2013-11,260,18,-4,0,101,95,0,470
Albania,2013-12,205,2,3,0,99,46,0,355
Albania,2014-01,167,8,-3,0,82,36,0,290
Albania,2014-02,119,0,2,0,109,37,0,267
Albania,2014-03,220,4,-11,0,80,49,0,342
Albania,2014-04,165,0,-1,0,89,51,0,304
Albania,2014-05,209,0,-1,0,89,35,0,332
Albania,2014-06,300,0,-10,0,105,74,0,469
Albania,2014-07,224,4,1,0,77,84,0,390
Albania,2014-08,208,0,-9,0,60,52,0,311
Albania,2014-09,233,2,-3,0,138,28,0,398
Albania,2014-10,149,0,-4,0,109,36,0,290
Albania,2014-11,186,0,-6,0,93,44,0,317
Albania,2014-12,187,6,-6,0,81,40,0,308
Albania,2015-01,162,6,-4,0,108,63,0,335
Albania,2015-02,188,8,2,0,54,23,0,275
Bangladesh,2003-05,0,0,0,0,0,0,0,0
Bangladesh,2003-06,1,0,0,0,0,0,0,1
Bangladesh,2003-07,0,0,0,0,0,0,0,0
Bangladesh,2003-08,0,0,0,0,0,0,0,0
Bangladesh,2003-09,0,0,0,0,-2,0,0,-2
Bangladesh,2003-10,0,0,0,0,0,0,0,0
Bangladesh,2003-11,0,0,0,0,0,0,0,0
Bangladesh,2003-12,0,0,0,0,0,0,0,0
Bangladesh,2004-01,3,0,0,0,0,0,0,3
Bangladesh,2004-02,4,0,0,0,0,0,0,4
Bangladesh,2004-03,0,0,0,0,0,0,0,0
Bangladesh,2004-04,0,0,0,0,0,0,0,0
Bangladesh,2004-05,0,0,0,0,0,0,0,0
Bangladesh,2004-06,0,0,0,0,0,0,0,0
Bangladesh,2004-07,0,0,0,0,0,0,0,0
Bangladesh,2004-08,0,0,0,0,0,0,0,0
Bangladesh,2004-09,0,0,0,0,0,0,0,0
Bangladesh,2004-10,0,0,0,0,0,0,0,0
Bangladesh,2004-11,0,0,0,0,0,0,0,0
Bangladesh,2004-12,1,0,0,0,0,0,0,1
Bangladesh,2005-01,0,0,0,0,0,0,0,0
Bangladesh,2005-02,0,0,0,0,0,0,0,0
Bangladesh,2005-03,0,0,0,0,0,0,0,0
Bangladesh,2005-04,0,0,0,0,0,0,0,0
Bangladesh,2005-05,0,0,0,0,0,0,0,0
Bangladesh,2005-06,0,0,0,0,0,0,0,0
Bangladesh,2005-07,0,0,0,0,0,0,0,0
Bangladesh,2005-08,0,0,0,0,0,0,0,0
Bangladesh,2005-09,0,0,0,0,0,0,0,0
Bangladesh,2005-10,0,0,0,0,0,0,0,0
Bangladesh,2005-11,0,0,0,0,0,0,0,0
Bangladesh,2005-12,0,0,0,0,0,0,0,0
Bangladesh,2006-01,0,0,0,0,0,0,0,0
Bangladesh,2006-02,0,0,0,0,0,0,0,0
Bangladesh,2006-03,0,0,0,0,0,0,0,0
Bangladesh,2006-04,0,0,0,0,0,0,0,0
Bangladesh,2006-05,0,0,0,0,0,0,0,0
Bangladesh,2006-06,0,0,0,0,0,0,0,0
Bangladesh,2006-07,0,0,0,0,0,0,0,0
Bangladesh,2006-08,0,0,0,0,0,0,0,0
Bangladesh,2006-09,0,0,0,0,0,0,0,0
Bangladesh,2006-10,0,0,0,0,0,0,0,0
Bangladesh,2006-11,0,0,0,0,0,0,0,0
Bangladesh,2006-12,0,0,0,0,0,0,0,0
Bangladesh,2007-01,0,0,0,0,0,0,0,0
Bangladesh,2007-02,0,0,0,0,0,0,0,0
Bangladesh,2007-03,0,0,0,0,0,0,0,0
Bangladesh,2007-04,0,0,0,0,0,0,0,0
Bangladesh,2007-05,0,0,0,0,0,0,0,0
Bangladesh,2007-06,0,0,0,0,0,0,0,0
Bangladesh,2007-07,0,0,0,0,0,0,0,0
Bangladesh,2007-08,0,0,0,0,0,0,0,0
Bangladesh,2007-09,0,0,0,0,0,0,0,0
Bangladesh,2007-10,0,0,0,0,0,0,0,0
Bangladesh,2007-11,0,0,0,0,0,0,0,0
Bangladesh,2007-12,0,0,0,0,0,0,0,0
Bangladesh,2008-01,0,0,0,0,0,0,0,0
Bangladesh,2008-02,0,0,0,0,0,0,0,0
Bangladesh,2008-03,0,0,0,0,0,0,0,0
Bangladesh,2008-04,0,0,0,0,0,0,0,0
Bangladesh,2008-05,0,0,0,0,0,0,0,0
Bangladesh,2008-06,0,0,0,0,0,0,0,0
Bangladesh,2008-07,0,0,0,0,0,0,0,0
Bangladesh,2008-08,0,0,0,0,0,0,0,0
Bangladesh,2008-09,0,0,0,0,0,0,0,0
Bangladesh,2008-10,0,0,0,0,0,0,0,0
Bangladesh,2008-11,0,0,0,0,0,0,0,0
Bangladesh,2008-12,0,0,0,0,0,0,0,0
Bangladesh,2009-01,0,0,0,0,0,0,0,0
Bangladesh,2009-02,0,0,0,0,0,0,0,0
Bangladesh,2009-03,0,0,0,0,0,0,0,0
Bangladesh,2009-04,0,0,0,0,0,0,0,0
Bangladesh,2009-05,0,0,0,0,0,0,0,0
Bangladesh,2009-06,0,0,0,0,0,0,0,0
Bangladesh,2009-07,0,0,0,0,0,0,0,0
Bangladesh,2009-08,0,0,0,0,0,0,0,0
Bangladesh,2009-09,0,0,0,0,0,0,0,0
Bangladesh,2009-10,0,0,0,0,0,0,0,0
Bangladesh,2009-11,0,0,0,0,0,0,0,0
Bangladesh,2009-12,0,0,0,0,0,0,0,0
Bangladesh,2010-01,0,0,0,0,0,0,0,0
Bangladesh,2010-02,0,0,0,0,0,0,0,0
Bangladesh,2010-03,0,0,0,0,0,0,0,0
Bangladesh,2010-04,0,0,0,0,0,0,0,0
Bangladesh,2010-05,0,0,0,0,0,0,0,0
Bangladesh,2010-06,0,0,0,0,0,0,0,0
Bangladesh,2010-07,0,0,0,0,0,0,0,0
Bangladesh,2010-08,0,0,0,0,0,0,0,0
Bangladesh,2010-09,0,0,0,0,0,0,0,0
Bangladesh,2010-10,0,0,0,0,0,0,0,0
Bangladesh,2010-11,0,0,0,0,0,0,0,0
Bangladesh,2010-12,0,0,0,0,0,0,0,0
Bangladesh,2011-01,0,0,0,0,0,0,0,0
Bangladesh,2011-02,0,0,0,0,0,0,0,0
Bangladesh,2011-03,0,0,0,0,0,0,0,0
Bangladesh,2011-04,0,0,0,0,0,0,0,0
Bangladesh,2011-05,0,0,0,0,0,0,0,0
Bangladesh,2011-06,0,0,0,0,0,0,0,0
Bangladesh,2011-07,0,0,0,0,0,0,0,0
Bangladesh,2011-08,0,0,0,0,0,0,0,0
Bangladesh,2011-09,0,0,0,0,0,0,0,0
Bangladesh,2011-10,0,0,0,0,0,0,0,0
Bangladesh,2011-11,0,0,0,0,0,0,0,0
Bangladesh,2011-12,0,0,0,0,0,0,0,0
Bangladesh,2012-01,0,0,0,0,0,0,0,0
Bangladesh,2012-02,0,0,0,0,0,0,0,0
Bangladesh,2012-03,0,0,0,0,0,0,0,0
Bangladesh,2012-04,23,2,0,0,3,0,0,28
Bangladesh,2012-05,38,0,0,0,5,0,0,43
Bangladesh,2012-06,27,0,1,0,3,0,0,31
Bangladesh,2012-07,35,0,0,0,29,5,0,69
Bangladesh,2012-08,61,0,0,0,35,6,0,102
Bangladesh,2012-09,20,0,-2,0,27,8,0,53
Bangladesh,2012-10,25,0,3,0,7,0,0,35
Bangladesh,2012-11,18,0,-1,0,22,8,0,47
Bangladesh,2012-12,34,0,0,0,33,3,0,70
Bangladesh,2013-01,23,0,-4,0,21,5,0,45
Bangladesh,2013-02,44,0,1,0,39,16,0,100
Bangladesh,2013-03,31,0,0,0,8,10,0,49
Bangladesh,2013-04,375,0,-5,0,234,132,0,736
Bangladesh,2013-05,419,10,-15,0,216,159,0,789
Bangladesh,2013-06,442,26,-10,0,252,176,0,886
Bangladesh,2013-07,541,16,-14,0,297,248,0,1088
Bangladesh,2013-08,735,20,-2,0,403,343,0,1499
Bangladesh,2013-09,635,20,-21,0,310,282,0,1226
Bangladesh,2013-10,629,20,-4,0,387,283,0,1315
Bangladesh,2013-11,713,20,-23,0,450,392,0,1552
Bangladesh,2013-12,805,16,-11,0,433,465,0,1708
Bangladesh,2014-01,675,6,-10,0,367,329,0,1367
Bangladesh,2014-02,613,20,-2,0,335,284,0,1250
Bangladesh,2014-03,555,24,-10,0,261,226,0,1056
Bangladesh,2014-04,581,24,-6,0,282,264,0,1145
Bangladesh,2014-05,626,18,-16,0,337,210,0,1175
Bangladesh,2014-06,581,24,0,0,257,181,0,1043
Bangladesh,2014-07,593,20,-7,0,298,217,0,1121
Bangladesh,2014-08,695,16,-17,0,384,289,0,1367
Bangladesh,2014-09,648,40,-30,0,350,309,0,1317
Bangladesh,2014-10,783,40,5,0,392,338,0,1558
Bangladesh,2014-11,749,16,16,0,440,325,0,1546
Bangladesh,2014-12,641,18,-6,0,357,311,0,1321
Bangladesh,2015-01,832,18,-21,0,464,451,0,1744
Bangladesh,2015-02,480,12,-8,0,227,281,0,992
Cameroon,2003-06,2,0,0,0,0,0,0,2
Cameroon,2003-07,0,0,0,0,0,0,0,0
Cameroon,2003-08,0,0,0,0,0,0,0,0
Cameroon,2003-09,0,0,0,0,0,0,0,0
Cameroon,2003-10,0,0,0,0,0,0,0,0
Cameroon,2003-11,0,0,0,0,0,0,0,0
Cameroon,2003-12,0,0,0,0,0,0,0,0
Cameroon,2004-01,1,0,0,0,0,0,0,1
Cameroon,2004-02,0,0,0,0,0,0,0,0
Cameroon,2004-03,0,0,0,0,0,0,0,0
Cameroon,2004-04,0,0,0,0,0,0,0,0
Cameroon,2004-05,0,0,0,0,0,0,0,0
Cameroon,2004-06,0,0,0,0,0,0,0,0
Cameroon,2004-07,0,0,0,0,0,0,0,0
Cameroon,2004-08,0,0,0,0,0,0,0,0
Cameroon,2004-09,0,0,0,0,0,0,0,0
Cameroon,2004-10,0,0,0,0,0,0,0,0
Cameroon,2004-11,0,0,0,0,5,0,0,5
Cameroon,2004-12,0,0,0,0,0,0,0,0
Cameroon,2005-01,0,0,0,0,0,0,0,0
Cameroon,2005-02,0,0,0,0,0,0,0,0
Cameroon,2005-03,0,0,0,0,0,0,0,0
Cameroon,2005-04,0,0,0,0,0,0,0,0
Cameroon,2005-05,0,0,0,0,0,0,0,0
Cameroon,2005-06,0,0,0,0,0,0,0,0
Cameroon,2005-07,0,0,0,0,0,0,0,0
Cameroon,2005-08,0,0,0,0,0,0,0,0
Cameroon,2005-09,0,0,0,0,0,0,0,0
Cameroon,2005-10,0,0,0,0,0,0,0,0
Cameroon,2005-11,0,0,0,0,0,0,0,0
Cameroon,2005-12,0,0,0,0,0,0,0,0
Cameroon,2006-01,0,0,0,0,0,0,0,0
Cameroon,2006-02,0,0,0,0,0,0,0,0
Cameroon,2006-03,0,0,0,0,0,0,0,0
Cameroon,2006-04,0,0,0,0,0,0,0,0
Cameroon,2006-05,0,0,0,0,0,0,0,0
Cameroon,2006-06,0,0,0,0,0,0,0,0
Cameroon,2006-07,0,0,0,0,0,0,0,0
Cameroon,2006-08,0,0,0,0,0,0,0,0
Cameroon,2006-09,0,0,0,0,0,0,0,0
Cameroon,2006-10,0,0,0,0,0,0,0,0
Cameroon,2006-11,0,0,0,0,0,0,0,0
Cameroon,2006-12,0,0,0,0,0,0,0,0
Cameroon,2007-01,0,0,0,0,0,0,0,0
Cameroon,2007-02,0,0,0,0,0,0,0,0
Cameroon,2007-03,0,0,0,0,0,0,0,0
Cameroon,2007-04,0,0,0,0,0,0,0,0
Cameroon,2007-05,0,0,0,0,0,0,0,0
Cameroon,2007-06,0,0,0,0,0,0,0,0
Cameroon,2007-07,0,0,0,0,0,0,0,0
Cameroon,2007-08,0,0,0,0,0,0,0,0
Cameroon,2007-09,0,0,0,0,0,0,0,0
Cameroon,2007-10,0,0,0,0,0,0,0,0
Cameroon,2007-11,0,0,0,0,0,0,0,0
Cameroon,2007-12,0,0,0,0,0,0,0,0
Cameroon,2008-01,0,0,0,0,0,0,0,0
Cameroon,2008-02,0,0,0,0,0,0,0,0
Cameroon,2008-03,0,0,0,0,0,0,0,0
Cameroon,2008-04,0,0,0,0,0,0,0,0
Cameroon,2008-05,0,0,0,0,0,0,0,0
Cameroon,2008-06,0,0,0,0,0,0,0,0
Cameroon,2008-07,0,0,0,0,0,0,0,0
Cameroon,2008-08,0,0,0,0,0,0,0,0
Cameroon,2008-09,0,0,0,0,0,0,0,0
Cameroon,2008-10,0,0,0,0,0,0,0,0
Cameroon,2008-11,0,0,0,0,0,0,0,0
Cameroon,2008-12,0,0,0,0,0,0,0,0
Cameroon,2009-01,0,0,0,0,0,0,0,0
Cameroon,2009-02,0,0,0,0,0,0,0,0
Cameroon,2009-03,0,0,0,0,0,0,0,0
Cameroon,2009-04,0,0,0,0,0,0,0,0
Cameroon,2009-05,0,0,0,0,0,0,0,0
Cameroon,2009-06,0,0,0,0,0,0,0,0
Cameroon,2009-07,0,0,0,0,0,0,0,0
Cameroon,2009-08,0,0,0,0,0,0,0,0
Cameroon,2009-09,0,0,0,0,0,0,0,0
Cameroon,2009-10,0,0,0,0,0,0,0,0
Cameroon,2009-11,0,0,0,0,0,0,0,0
Cameroon,2009-12,0,0,0,0,0,0,0,0
Cameroon,2010-01,0,0,0,0,0,0,0,0
Cameroon,2010-02,0,0,0,0,0,0,0,0
Cameroon,2010-03,0,0,0,0,0,0,0,0
Cameroon,2010-04,0,0,0,0,0,0,0,0
Cameroon,2010-05,0,0,0,0,0,0,0,0
Cameroon,2010-06,0,0,0,0,0,0,0,0
Cameroon,2010-07,0,0,0,0,0,0,0,0
Cameroon,2010-08,0,0,0,0,0,0,0,0
Cameroon,2010-09,0,0,0,0,0,0,0,0
Cameroon,2010-10,0,0,0,0,0,0,0,0
Cameroon,2010-11,0,0,0,0,0,0,0,0
Cameroon,2010-12,0,0,0,0,0,0,0,0
Cameroon,2011-01,0,0,0,0,0,0,0,0
Cameroon,2011-02,0,0,0,0,0,0,0,0
Cameroon,2011-03,0,0,0,0,0,0,0,0
Cameroon,2011-04,0,0,0,0,0,0,0,0
Cameroon,2011-05,0,0,0,0,0,0,0,0
Cameroon,2011-06,0,0,0,0,0,0,0,0
Cameroon,2011-07,0,0,0,0,0,0,0,0
Cameroon,2011-08,0,0,0,0,0,0,0,0
Cameroon,2011-09,0,0,0,0,0,0,0,0
Cameroon,2011-10,0,0,0,0,0,0,0,0
Cameroon,2011-11,0,0,0,0,0,0,0,0
Cameroon,2011-12,0,0,0,0,0,0,0,0
Cameroon,2012-01,0,0,0,0,0,0,0,0
Cameroon,2012-02,0,0,0,0,0,0,0,0
Cameroon,2012-03,0,0,0,0,0,0,0,0
Cameroon,2012-04,0,0,0,0,0,1,0,1
Cameroon,2012-05,9,0,1,0,6,0,0,16
Cameroon,2012-06,0,0,0,0,0,0,0,0
Cameroon,2012-07,15,0,0,0,6,0,0,21
Cameroon,2012-08,0,0,0,0,0,0,0,0
Cameroon,2012-09,0,0,0,0,6,1,0,7
Cameroon,2012-10,0,0,0,0,0,0,0,0
Cameroon,2012-11,0,0,0,0,3,1,0,4
Cameroon,2012-12,0,0,0,0,0,0,0,0
Cameroon,2013-01,4,0,0,0,3,0,0,7
Cameroon,2013-02,0,0,0,0,0,0,0,0
Cameroon,2013-03,14,0,-2,0,15,2,0,29
Cameroon,2013-04,76,4,0,0,69,13,0,162
Cameroon,2013-05,142,0,-3,0,65,9,0,213
Cameroon,2013-06,122,0,2,0,86,26,0,236
Cameroon,2013-07,190,4,-1,0,133,52,0,378
Cameroon,2013-08,282,4,-4,0,167,43,0,492
Cameroon,2013-09,240,12,0,0,102,44,0,398
Cameroon,2013-10,216,2,-1,0,67,30,0,314
Cameroon,2013-11,269,10,-1,0,156,50,0,484
Cameroon,2013-12,254,2,1,0,79,25,0,361
Cameroon,2014-01,290,6,-6,0,103,48,0,441
Cameroon,2014-02,365,12,8,0,103,77,0,565
Cameroon,2014-03,321,4,-6,0,66,38,0,423
Cameroon,2014-04,304,0,-5,0,135,33,0,467
Cameroon,2014-05,520,10,3,0,173,99,0,805
Cameroon,2014-06,308,2,-2,0,98,48,0,454
Cameroon,2014-07,332,10,-1,0,130,82,0,553
Cameroon,2014-08,371,14,-2,0,111,55,0,549
Cameroon,2014-09,400,12,2,0,134,51,0,599
Cameroon,2014-10,358,8,3,0,101,55,0,525
Cameroon,2014-11,344,2,-5,0,111,69,0,521
Cameroon,2014-12,357,10,-4,0,119,72,0,554
Cameroon,2015-01,640,32,4,0,132,146,0,954
Cameroon,2015-02,433,10,2,0,112,124,0,681
Democratic Republic of the Congo,2005-02,3,0,0,0,0,0,0,3
Democratic Republic of the Congo,2005-03,0,0,0,0,0,0,0,0
Democratic Republic of the Congo,2005-04,0,0,0,0,0,0,0,0
Democratic Republic of the Congo,2005-05,0,0,0,0,0,0,0,0
Democratic Republic of the Congo,2005-06,0,0,0,0,0,0,0,0
Democratic Republic of the Congo,2005-07,0,0,0,0,0,0,0,0
Democratic Republic of the Congo,2005-08,0,0,0,0,0,0,0,0
Democratic Republic of the Congo,2005-09,0,0,0,0,0,0,0,0
Democratic Republic of the Congo,2005-10,0,0,0,0,0,0,0,0
Democratic Republic of the Congo,2005-11,0,0,0,0,0,0,0,0
Democratic Republic of the Congo,2005-12,0,0,0,0,0,0,0,0
Democratic Republic of the Congo,2006-01,0,0,0,0,0,0,0,0
Democratic Republic of the Congo,2006-02,0,0,0,0,0,0,0,0
Democratic Republic of the Congo,2006-03,0,0,0,0,0,0,0,0
Democratic Republic of the Congo,2006-04,0,0,0,0,0,0,0,0
Democratic Republic of the Congo,2006-05,0,0,0,0,0,0,0,0
Democratic Republic of the Congo,2006-06,0,0,0,0,0,0,0,0
Democratic Republic of the Congo,2006-07,0,0,0,0,0,0,0,0
Democratic Republic of the Congo,2006-08,0,0,0,0,0,0,0,0
Democratic Republic of the Congo,2006-09,0,0,0,0,0,0,0,0
Democratic Republic of the Congo,2006-10,0,0,0,0,0,0,0,0
Democratic Republic of the Congo,2006-11,0,0,0,0,0,0,0,0
Democratic Republic of the Congo,2006-12,0,0,0,0,0,0,0,0
Democratic Republic of the Congo,2007-01,0,0,0,0,0,0,0,0
Democratic Republic of the Congo,2007-02,0,0,0,0,0,0,0,0
Democratic Republic of the Congo,2007-03,0,0,0,0,0,0,0,0
Democratic Republic of the Congo,2007-04,0,0,0,0,0,0,0,0
Democratic Republic of the Congo,2007-05,0,0,0,0,0,0,0,0
Democratic Republic of the Congo,2007-06,0,0,0,0,0,0,0,0
Democratic Republic of the Congo,2007-07,0,0,0,0,0,0,0,0
Democratic Republic of the Congo,2007-08,0,0,0,0,0,0,0,0
Democratic Republic of the Congo,2007-09,0,0,0,0,0,0,0,0
Democratic Republic of the Congo,2007-10,0,0,0,0,0,0,0,0
Democratic Republic of the Congo,2007-11,0,0,0,0,0,0,0,0
Democratic Republic of the Congo,2007-12,0,0,0,0,0,0,0,0
Democratic Republic of the Congo,2008-01,0,0,0,0,0,0,0,0
Democratic Republic of the Congo,2008-02,0,0,0,0,0,0,0,0
Democratic Republic of the Congo,2008-03,0,0,0,0,0,0,0,0
Democratic Republic of the Congo,2008-04,0,0,0,0,0,0,0,0
Democratic Republic of the Congo,2008-05,0,0,0,0,0,0,0,0
Democratic Republic of the Congo,2008-06,0,0,0,0,0,0,0,0
Democratic Republic of the Congo,2008-07,0,0,0,0,0,0,0,0
Democratic Republic of the Congo,2008-08,0,0,0,0,0,0,0,0
Democratic Republic of the Congo,2008-09,0,0,0,0,0,0,0,0
Democratic Republic of the Congo,2008-10,0,0,0,0,0,0,0,0
Democratic Republic of the Congo,2008-11,0,0,0,0,0,0,0,0
Democratic Republic of the Congo,2008-12,0,0,0,0,0,0,0,0
Democratic Republic of the Congo,2009-01,0,0,0,0,0,0,0,0
Democratic Republic of the Congo,2009-02,0,0,0,0,0,0,0,0
Democratic Republic of the Congo,2009-03,0,0,0,0,0,0,0,0
Democratic Republic of the Congo,2009-04,0,0,0,0,0,0,0,0
Democratic Republic of the Congo,2009-05,0,0,0,0,0,0,0,0
Democratic Republic of the Congo,2009-06,0,0,0,0,0,0,0,0
Democratic Republic of the Congo,2009-07,0,0,0,0,0,0,0,0
Democratic Republic of the Congo,2009-08,0,0,0,0,0,0,0,0
Democratic Republic of the Congo,2009-09,0,0,0,0,0,0,0,0
Democratic Republic of the Congo,2009-10,0,0,0,0,0,0,0,0
Democratic Republic of the Congo,2009-11,0,0,0,0,0,0,0,0
Democratic Republic of the Congo,2009-12,0,0,0,0,0,0,0,0
Democratic Republic of the Congo,2010-01,0,0,0,0,0,0,0,0
Democratic Republic of the Congo,2010-02,0,0,0,0,0,0,0,0
Democratic Republic of the Congo,2010-03,0,0,0,0,0,0,0,0
Democratic Republic of the Congo,2010-04,0,0,0,0,0,0,0,0
Democratic Republic of the Congo,2010-05,0,0,0,0,0,0,0,0
Democratic Republic of the Congo,2010-06,0,0,0,0,0,0,0,0
Democratic Republic of the Congo,2010-07,0,0,0,0,0,0,0,0
Democratic Republic of the Congo,2010-08,0,0,0,0,0,0,0,0
Democratic Republic of the Congo,2010-09,0,0,0,0,0,0,0,0
Democratic Republic of the Congo,2010-10,0,0,0,0,0,0,0,0
Democratic Republic of the Congo,2010-11,0,0,0,0,0,0,0,0
Democratic Republic of the Congo,2010-12,0,0,0,0,0,0,0,0
Democratic Republic of the Congo,2011-01,0,0,0,0,0,0,0,0
Democratic Republic of the Congo,2011-02,0,0,0,0,0,0,0,0
Democratic Republic of the Congo,2011-03,0,0,0,0,0,0,0,0
Democratic Republic of the Congo,2011-04,0,0,0,0,0,0,0,0
Democratic Republic of the Congo,2011-05,0,0,0,0,0,0,0,0
Democratic Republic of the Congo,2011-06,0,0,0,0,0,0,0,0
Democratic Republic of the Congo,2011-07,0,0,0,0,0,0,0,0
Democratic Republic of the Congo,2011-08,0,0,0,0,0,0,0,0
Democratic Republic of the Congo,2011-09,0,0,0,0,0,0,0,0
Democratic Republic of the Congo,2011-10,0,0,0,0,0,0,0,0
Democratic Republic of the Congo,2011-11,0,0,0,0,0,0,0,0
Democratic Republic of the Congo,2011-12,0,0,0,0,0,0,0,0
Democratic Republic of the Congo,2012-01,0,0,0,0,0,0,0,0
Democratic Republic of the Congo,2012-02,0,0,0,0,0,0,0,0
Democratic Republic of the Congo,2012-03,0,0,0,0,0,0,0,0
Democratic Republic of the Congo,2012-04,4,0,0,0,0,1,0,5
Democratic Republic of the Congo,2012-05,-3,0,0,0,3,2,0,2
Democratic Republic of the Congo,2012-06,3,0,0,0,0,0,0,3
Democratic Republic of the Congo,2012-07,6,0,0,0,3,1,0,10
Democratic Republic of the Congo,2012-08,0,0,0,0,0,0,0,0
Democratic Republic of the Congo,2012-09,0,0,0,0,0,0,0,0
Democratic Republic of the Congo,2012-10,12,0,0,0,6,4,0,22
Democratic Republic of the Congo,2012-11,1,0,0,0,0,2,0,3
Democratic Republic of the Congo,2012-12,0,0,0,0,0,0,0,0
Democratic Republic of the Congo,2013-01,9,0,0,0,0,2,0,11
Democratic Republic of the Congo,2013-02,18,0,0,0,0,0,0,18
Democratic Republic of the Congo,2013-03,6,0,0,0,0,0,0,6
Democratic Republic of the Congo,2013-04,40,0,-2,0,25,16,0,79
Democratic Republic of the Congo,2013-05,115,0,0,0,17,18,0,150
Democratic Republic of the Congo,2013-06,56,2,-1,0,14,11,0,82
Democratic Republic of the Congo,2013-07,134,2,2,0,34,24,0,196
Democratic Republic of the Congo,2013-08,217,6,-1,0,41,38,0,301
Democratic Republic of the Congo,2013-09,108,2,-2,0,45,17,0,170
Democratic Republic of the Congo,2013-10,222,2,2,0,64,36,0,326
Democratic Republic of the Congo,2013-11,168,0,3,0,27,37,0,235
Democratic Republic of the Congo,2013-12,184,2,-2,0,48,33,0,265
Democratic Republic of the Congo,2014-01,138,4,3,0,53,34,0,232
Democratic Republic of the Congo,2014-02,137,4,-5,0,58,34,0,228
Democratic Republic of the Congo,2014-03,113,2,-6,0,45,28,0,182
Democratic Republic of the Congo,2014-04,170,4,1,0,31,29,0,235
Democratic Republic of the Congo,2014-05,146,0,-3,0,57,32,0,232
Democratic Republic of the Congo,2014-06,119,0,-3,0,44,34,0,194
Democratic Republic of the Congo,2014-07,179,0,-1,0,47,28,0,253
Democratic Republic of the Congo,2014-08,136,2,-2,0,27,26,0,189
Democratic Republic of the Congo,2014-09,65,2,-4,0,20,27,0,110
Democratic Republic of the Congo,2014-10,188,2,-1,0,46,40,0,275
Democratic Republic of the Congo,2014-11,183,0,0,0,54,29,0,266
Democratic Republic of the Congo,2014-12,147,4,0,0,53,38,0,242
Democratic Republic of the Congo,2015-01,248,2,-9,0,126,111,0,478
Democratic Republic of the Congo,2015-02,100,0,2,0,24,18,0,144
Egypt,2003-05,0,0,0,0,3,0,0,3
Egypt,2003-06,0,0,0,0,0,0,0,0
Egypt,2003-07,0,0,0,0,0,0,0,0
Egypt,2003-08,0,0,0,0,0,0,0,0
Egypt,2003-09,0,0,-2,0,0,0,0,-2
Egypt,2003-10,3,0,0,0,0,0,0,3
Egypt,2003-11,0,0,0,0,0,0,0,0
Egypt,2003-12,0,0,0,0,6,0,0,6
Egypt,2004-01,0,0,0,0,0,0,0,0
Egypt,2004-02,0,0,0,0,0,0,0,0
Egypt,2004-03,0,0,0,0,9,0,0,9
Egypt,2004-04,1,0,0,0,6,0,0,7
Egypt,2004-05,0,0,0,0,3,0,0,3
Egypt,2004-06,0,0,0,0,0,0,0,0
Egypt,2004-07,0,0,0,0,3,0,0,3
Egypt,2004-08,0,0,0,0,-2,3,0,1
Egypt,2004-09,6,0,0,0,0,0,0,6
Egypt,2004-10,0,0,0,0,0,0,0,0
Egypt,2004-11,0,0,0,0,0,0,0,0
Egypt,2004-12,0,0,0,0,0,0,0,0
Egypt,2005-01,3,0,0,0,0,0,0,3
Egypt,2005-02,0,0,0,0,0,0,0,0
Egypt,2005-03,0,0,0,0,0,0,0,0
Egypt,2005-04,0,0,0,0,0,0,0,0
Egypt,2005-05,0,0,0,0,0,0,0,0
Egypt,2005-06,0,0,0,0,0,0,0,0
Egypt,2005-07,0,0,0,0,0,0,0,0
Egypt,2005-08,0,0,0,0,0,0,0,0
Egypt,2005-09,0,0,0,0,0,0,0,0
Egypt,2005-10,0,0,0,0,0,0,0,0
Egypt,2005-11,0,0,0,0,0,0,0,0
Egypt,2005-12,0,0,0,0,0,0,0,0
Egypt,2006-01,0,0,0,0,0,0,0,0
Egypt,2006-02,0,0,0,0,0,0,0,0
Egypt,2006-03,0,0,0,0,0,0,0,0
Egypt,2006-04,0,0,0,0,0,0,0,0
Egypt,2006-05,0,0,0,0,0,0,0,0
Egypt,2006-06,0,0,0,0,0,0,0,0
Egypt,2006-07,0,0,0,0,0,0,0,0
Egypt,2006-08,0,0,0,0,0,0,0,0
Egypt,2006-09,0,0,0,0,0,0,0,0
Egypt,2006-10,0,0,0,0,0,0,0,0
Egypt,2006-11,0,0,0,0,0,0,0,0
Egypt,2006-12,0,0,0,0,0,0,0,0
Egypt,2007-01,0,0,0,0,0,0,0,0
Egypt,2007-02,0,0,0,0,0,0,0,0
Egypt,2007-03,0,0,0,0,0,0,0,0
Egypt,2007-04,0,0,0,0,0,0,0,0
Egypt,2007-05,0,0,0,0,0,0,0,0
Egypt,2007-06,0,0,0,0,0,0,0,0
Egypt,2007-07,0,0,0,0,0,0,0,0
Egypt,2007-08,0,0,0,0,0,0,0,0
Egypt,2007-09,0,0,0,0,0,0,0,0
Egypt,2007-10,0,0,0,0,0,0,0,0
Egypt,2007-11,0,0,0,0,0,0,0,0
Egypt,2007-12,0,0,0,0,0,0,0,0
Egypt,2008-01,0,0,0,0,0,0,0,0
Egypt,2008-02,0,0,0,0,0,0,0,0
Egypt,2008-03,0,0,0,0,0,0,0,0
Egypt,2008-04,0,0,0,0,0,0,0,0
Egypt,2008-05,0,0,0,0,0,0,0,0
Egypt,2008-06,0,0,0,0,0,0,0,0
Egypt,2008-07,0,0,0,0,0,0,0,0
Egypt,2008-08,0,0,0,0,0,0,0,0
Egypt,2008-09,0,0,0,0,0,0,0,0
Egypt,2008-10,0,0,0,0,0,0,0,0
Egypt,2008-11,0,0,0,0,0,0,0,0
Egypt,2008-12,0,0,0,0,0,0,0,0
Egypt,2009-01,0,0,0,0,0,0,0,0
Egypt,2009-02,0,0,0,0,0,0,0,0
Egypt,2009-03,0,0,0,0,0,0,0,0
Egypt,2009-04,0,0,0,0,0,0,0,0
Egypt,2009-05,0,0,0,0,0,0,0,0
Egypt,2009-06,0,0,0,0,0,0,0,0
Egypt,2009-07,0,0,0,0,0,0,0,0
Egypt,2009-08,0,0,0,0,0,0,0,0
Egypt,2009-09,0,0,0,0,0,0,0,0
Egypt,2009-10,0,0,0,0,0,0,0,0
Egypt,2009-11,0,0,0,0,0,0,0,0
Egypt,2009-12,0,0,0,0,0,0,0,0
Egypt,2010-01,0,0,0,0,0,0,0,0
Egypt,2010-02,0,0,0,0,0,0,0,0
Egypt,2010-03,0,0,0,0,0,0,0,0
Egypt,2010-04,0,0,0,0,0,0,0,0
Egypt,2010-05,0,0,0,0,0,0,0,0
Egypt,2010-06,0,0,0,0,0,0,0,0
Egypt,2010-07,0,0,0,0,0,0,0,0
Egypt,2010-08,0,0,0,0,0,0,0,0
Egypt,2010-09,0,0,0,0,0,0,0,0
Egypt,2010-10,0,0,0,0,0,0,0,0
Egypt,2010-11,0,0,0,0,0,0,0,0
Egypt,2010-12,0,0,0,0,0,0,0,0
Egypt,2011-01,0,0,0,0,0,0,0,0
Egypt,2011-02,0,0,0,0,0,0,0,0
Egypt,2011-03,0,0,0,0,0,0,0,0
Egypt,2011-04,0,0,0,0,0,0,0,0
Egypt,2011-05,0,0,0,0,0,0,0,0
Egypt,2011-06,0,0,0,0,0,0,0,0
Egypt,2011-07,0,0,0,0,0,0,0,0
Egypt,2011-08,0,0,0,0,0,0,0,0
Egypt,2011-09,0,0,0,0,0,0,0,0
Egypt,2011-10,0,0,0,0,0,0,0,0
Egypt,2011-11,0,0,0,0,0,0,0,0
Egypt,2011-12,0,0,0,0,0,0,0,0
Egypt,2012-01,0,0,0,0,0,0,0,0
Egypt,2012-02,0,0,0,0,0,0,0,0
Egypt,2012-03,0,0,0,0,0,0,0,0
Egypt,2012-04,31,0,2,0,27,2,0,62
Egypt,2012-05,26,0,-2,0,19,0,0,43
Egypt,2012-06,37,0,0,0,29,5,0,71
Egypt,2012-07,76,2,-10,0,56,17,0,141
Egypt,2012-08,89,4,1,0,69,14,0,177
Egypt,2012-09,62,2,0,0,6,1,0,71
Egypt,2012-10,46,0,0,0,29,3,0,78
Egypt,2012-11,59,0,-2,0,48,12,0,117
Egypt,2012-12,34,2,0,0,25,12,0,73
Egypt,2013-01,24,0,2,0,26,13,0,65
Egypt,2013-02,82,0,-4,0,55,31,0,164
Egypt,2013-03,118,0,0,0,110,34,0,262
Egypt,2013-04,610,32,-17,0,341,228,0,1194
Egypt,2013-05,592,12,-14,0,314,186,0,1090
Egypt,2013-06,915,32,-20,0,516,403,0,1846
Egypt,2013-07,1840,70,-17,0,964,727,0,3584
Egypt,2013-08,1938,78,-11,0,1065,680,0,3750
Egypt,2013-09,1373,50,-27,0,892,633,0,2921
Egypt,2013-10,1191,47,-20,0,666,589,0,2473
Egypt,2013-11,1097,49,4,0,743,550,0,2443
Egypt,2013-12,1126,40,-28,0,740,642,0,2520
Egypt,2014-01,1152,18,-27,0,634,508,0,2285
Egypt,2014-02,1062,38,-49,0,585,472,0,2108
Egypt,2014-03,1042,44,-43,0,661,455,0,2159
Egypt,2014-04,1024,50,-18,0,569,464,0,2089
Egypt,2014-05,915,52,-17,0,518,471,0,1939
Egypt,2014-06,921,48,-1,0,590,415,0,1973
Egypt,2014-07,1281,85,15,0,508,443,0,2332
Egypt,2014-08,1225,62,-3,0,533,416,0,2233
Egypt,2014-09,1018,54,-3,0,469,450,0,1988
Egypt,2014-10,1155,46,-3,0,593,535,0,2326
Egypt,2014-11,949,30,-35,0,615,476,0,2035
Egypt,2014-12,902,26,-18,0,603,330,0,1843
Egypt,2015-01,1088,44,-14,0,697,521,0,2336
Egypt,2015-02,660,30,-8,0,389,299,0,1370
Eritrea,2003-09,0,0,0,0,0,0,0,0
Eritrea,2003-10,6,0,0,0,0,0,0,6
Eritrea,2003-11,0,0,0,0,0,0,0,0
Eritrea,2003-12,0,0,0,0,0,0,0,0
Eritrea,2004-01,0,0,0,0,0,0,0,0
Eritrea,2004-02,0,0,0,0,0,0,0,0
Eritrea,2004-03,0,0,0,0,0,0,0,0
Eritrea,2004-04,0,0,0,0,0,0,0,0
Eritrea,2004-05,0,0,0,0,0,0,0,0
Eritrea,2004-06,0,0,0,0,0,0,0,0
Eritrea,2004-07,0,0,0,0,0,0,0,0
Eritrea,2004-08,0,0,0,0,0,0,0,0
Eritrea,2004-09,0,0,0,0,3,0,0,3
Eritrea,2004-10,0,0,0,0,0,0,0,0
Eritrea,2004-11,0,0,0,0,0,0,0,0
Eritrea,2004-12,0,0,0,0,0,0,0,0
Eritrea,2005-01,0,0,0,0,0,0,0,0
Eritrea,2005-02,0,0,0,0,0,0,0,0
Eritrea,2005-03,0,0,0,0,0,0,0,0
Eritrea,2005-04,0,0,0,0,0,0,0,0
Eritrea,2005-05,0,0,0,0,0,0,0,0
Eritrea,2005-06,0,0,0,0,0,0,0,0
Eritrea,2005-07,0,0,0,0,0,0,0,0
Eritrea,2005-08,0,0,0,0,0,0,0,0
Eritrea,2005-09,0,0,0,0,0,0,0,0
Eritrea,2005-10,0,0,0,0,0,0,0,0
Eritrea,2005-11,0,0,0,0,0,0,0,0
Eritrea,2005-12,0,0,0,0,0,0,0,0
Eritrea,2006-01,0,0,0,0,0,0,0,0
Eritrea,2006-02,0,0,0,0,0,0,0,0
Eritrea,2006-03,0,0,0,0,0,0,0,0
Eritrea,2006-04,0,0,0,0,0,0,0,0
Eritrea,2006-05,0,0,0,0,0,0,0,0
Eritrea,2006-06,0,0,0,0,0,0,0,0
Eritrea,2006-07,0,0,0,0,0,0,0,0
Eritrea,2006-08,0,0,0,0,0,0,0,0
Eritrea,2006-09,0,0,0,0,0,0,0,0
Eritrea,2006-10,0,0,0,0,0,0,0,0
Eritrea,2006-11,0,0,0,0,0,0,0,0
Eritrea,2006-12,0,0,0,0,0,0,0,0
Eritrea,2007-01,0,0,0,0,0,0,0,0
Eritrea,2007-02,0,0,0,0,0,0,0,0
Eritrea,2007-03,0,0,0,0,0,0,0,0
Eritrea,2007-04,0,0,0,0,0,0,0,0
Eritrea,2007-05,0,0,0,0,0,0,0,0
Eritrea,2007-06,0,0,0,0,0,0,0,0
Eritrea,2007-07,0,0,0,0,0,0,0,0
Eritrea,2007-08,0,0,0,0,0,0,0,0
Eritrea,2007-09,0,0,0,0,0,0,0,0
Eritrea,2007-10,0,0,0,0,0,0,0,0
Eritrea,2007-11,0,0,0,0,0,0,0,0
Eritrea,2007-12,0,0,0,0,0,0,0,0
Eritrea,2008-01,0,0,0,0,0,0,0,0
Eritrea,2008-02,0,0,0,0,0,0,0,0
Eritrea,2008-03,0,0,0,0,0,0,0,0
Eritrea,2008-04,0,0,0,0,0,0,0,0
Eritrea,2008-05,0,0,0,0,0,0,0,0
Eritrea,2008-06,0,0,0,0,0,0,0,0
Eritrea,2008-07,0,0,0,0,0,0,0,0
Eritrea,2008-08,0,0,0,0,0,0,0,0
Eritrea,2008-09,0,0,0,0,0,0,0,0
Eritrea,2008-10,0,0,0,0,0,0,0,0
Eritrea,2008-11,0,0,0,0,0,0,0,0
Eritrea,2008-12,0,0,0,0,0,0,0,0
Eritrea,2009-01,0,0,0,0,0,0,0,0
Eritrea,2009-02,0,0,0,0,0,0,0,0
Eritrea,2009-03,0,0,0,0,0,0,0,0
Eritrea,2009-04,0,0,0,0,0,0,0,0
Eritrea,2009-05,0,0,0,0,0,0,0,0
Eritrea,2009-06,0,0,0,0,0,0,0,0
Eritrea,2009-07,0,0,0,0,0,0,0,0
Eritrea,2009-08,0,0,0,0,0,0,0,0
Eritrea,2009-09,0,0,0,0,0,0,0,0
Eritrea,2009-10,0,0,0,0,0,0,0,0
Eritrea,2009-11,0,0,0,0,0,0,0,0
Eritrea,2009-12,0,0,0,0,0,0,0,0
Eritrea,2010-01,0,0,0,0,0,0,0,0
Eritrea,2010-02,0,0,0,0,0,0,0,0
Eritrea,2010-03,0,0,0,0,0,0,0,0
Eritrea,2010-04,0,0,0,0,0,0,0,0
Eritrea,2010-05,0,0,0,0,0,0,0,0
Eritrea,2010-06,0,0,0,0,0,0,0,0
Eritrea,2010-07,0,0,0,0,0,0,0,0
Eritrea,2010-08,0,0,0,0,0,0,0,0
Eritrea,2010-09,0,0,0,0,0,0,0,0
Eritrea,2010-10,0,0,0,0,0,0,0,0
Eritrea,2010-11,0,0,0,0,0,0,0,0
Eritrea,2010-12,0,0,0,0,0,0,0,0
Eritrea,2011-01,0,0,0,0,0,0,0,0
Eritrea,2011-02,0,0,0,0,0,0,0,0
Eritrea,2011-03,0,0,0,0,0,0,0,0
Eritrea,2011-04,0,0,0,0,0,0,0,0
Eritrea,2011-05,0,0,0,0,0,0,0,0
Eritrea,2011-06,0,0,0,0,0,0,0,0
Eritrea,2011-07,0,0,0,0,0,0,0,0
Eritrea,2011-08,0,0,0,0,0,0,0,0
Eritrea,2011-09,0,0,0,0,0,0,0,0
Eritrea,2011-10,0,0,0,0,0,0,0,0
Eritrea,2011-11,0,0,0,0,0,0,0,0
Eritrea,2011-12,0,0,0,0,0,0,0,0
Eritrea,2012-01,0,0,0,0,0,0,0,0
Eritrea,2012-02,0,0,0,0,0,0,0,0
Eritrea,2012-03,0,0,0,0,0,0,0,0
Eritrea,2012-04,0,0,0,0,0,0,0,0
Eritrea,2012-05,3,0,0,0,0,0,0,3
Eritrea,2012-06,0,0,0,0,-2,0,0,-2
Eritrea,2012-07,0,0,0,0,3,0,0,3
Eritrea,2012-08,0,0,0,0,3,0,0,3
Eritrea,2012-09,3,0,0,0,3,0,0,6
Eritrea,2012-10,3,0,0,0,0,0,0,3
Eritrea,2012-11,2,0,0,0,0,0,0,2
Eritrea,2012-12,0,0,0,0,0,0,0,0
Eritrea,2013-01,0,0,0,0,5,0,0,5
Eritrea,2013-02,0,0,-2,0,0,0,0,-2
Eritrea,2013-03,0,0,0,0,0,0,0,0
Eritrea,2013-04,25,2,0,0,22,8,0,57
Eritrea,2013-05,52,0,0,0,37,8,0,97
Eritrea,2013-06,59,0,2,0,69,22,0,152
Eritrea,2013-07,60,0,2,0,70,17,0,149
Eritrea,2013-08,59,0,1,0,65,7,0,132
Eritrea,2013-09,54,2,0,0,55,4,0,115
Eritrea,2013-10,181,0,2,0,43,41,0,267
Eritrea,2013-11,130,10,0,0,45,16,0,201
Eritrea,2013-12,121,6,0,0,69,11,0,207
Eritrea,2014-01,114,0,2,0,46,30,0,192
Eritrea,2014-02,111,4,1,0,63,16,0,195
Eritrea,2014-03,99,10,2,0,69,13,0,193
Eritrea,2014-04,106,4,-3,0,49,12,0,168
Eritrea,2014-05,79,0,0,0,75,13,0,167
Eritrea,2014-06,102,2,3,0,92,29,0,228
Eritrea,2014-07,135,2,1,0,107,16,0,261
Eritrea,2014-08,129,4,-4,0,48,11,0,188
Eritrea,2014-09,111,4,1,0,92,19,0,227
Eritrea,2014-10,123,4,-4,0,59,17,0,199
Eritrea,2014-11,122,2,1,0,44,18,0,187
Eritrea,2014-12,103,2,2,0,33,20,0,160
Eritrea,2015-01,131,2,-2,0,86,37,0,254
Eritrea,2015-02,49,2,0,0,25,6,0,82
Georgia,2003-06,3,0,0,0,0,0,0,3
Georgia,2003-07,0,0,0,0,0,0,0,0
Georgia,2003-08,0,0,0,0,0,0,0,0
Georgia,2003-09,0,0,0,0,0,0,0,0
Georgia,2003-10,0,0,0,0,0,0,0,0
Georgia,2003-11,0,0,0,0,0,0,0,0
Georgia,2003-12,0,0,0,0,0,0,0,0
Georgia,2004-01,0,0,0,0,0,0,0,0
Georgia,2004-02,0,0,0,0,0,0,0,0
Georgia,2004-03,0,0,0,0,0,0,0,0
Georgia,2004-04,0,0,0,0,3,0,0,3
Georgia,2004-05,0,0,0,0,0,0,0,0
Georgia,2004-06,0,0,0,0,0,0,0,0
Georgia,2004-07,0,0,0,0,0,0,0,0
Georgia,2004-08,0,0,0,0,0,0,0,0
Georgia,2004-09,0,0,0,0,0,0,0,0
Georgia,2004-10,0,0,0,0,0,0,0,0
Georgia,2004-11,0,0,0,0,0,0,0,0
Georgia,2004-12,0,0,0,0,0,0,0,0
Georgia,2005-01,0,0,0,0,0,0,0,0
Georgia,2005-02,0,0,0,0,0,0,0,0
Georgia,2005-03,0,0,0,0,0,0,0,0
Georgia,2005-04,0,0,0,0,0,0,0,0
Georgia,2005-05,0,0,0,0,0,0,0,0
Georgia,2005-06,0,0,0,0,0,0,0,0
Georgia,2005-07,0,0,0,0,0,0,0,0
Georgia,2005-08,0,0,0,0,0,0,0,0
Georgia,2005-09,0,0,0,0,0,0,0,0
Georgia,2005-10,0,0,0,0,0,0,0,0
Georgia,2005-11,0,0,0,0,0,0,0,0
Georgia,2005-12,0,0,0,0,0,0,0,0
Georgia,2006-01,0,0,0,0,0,0,0,0
Georgia,2006-02,0,0,0,0,0,0,0,0
Georgia,2006-03,0,0,0,0,0,0,0,0
Georgia,2006-04,0,0,0,0,0,0,0,0
Georgia,2006-05,0,0,0,0,0,0,0,0
Georgia,2006-06,0,0,0,0,0,0,0,0
Georgia,2006-07,0,0,0,0,0,0,0,0
Georgia,2006-08,0,0,0,0,0,0,0,0
Georgia,2006-09,0,0,0,0,0,0,0,0
Georgia,2006-10,0,0,0,0,0,0,0,0
Georgia,2006-11,0,0,0,0,0,0,0,0
Georgia,2006-12,0,0,0,0,0,0,0,0
Georgia,2007-01,0,0,0,0,0,0,0,0
Georgia,2007-02,0,0,0,0,0,0,0,0
Georgia,2007-03,0,0,0,0,0,0,0,0
Georgia,2007-04,0,0,0,0,0,0,0,0
Georgia,2007-05,0,0,0,0,0,0,0,0
Georgia,2007-06,0,0,0,0,0,0,0,0
Georgia,2007-07,0,0,0,0,0,0,0,0
Georgia,2007-08,0,0,0,0,0,0,0,0
Georgia,2007-09,0,0,0,0,0,0,0,0
Georgia,2007-10,0,0,0,0,0,0,0,0
Georgia,2007-11,0,0,0,0,0,0,0,0
Georgia,2007-12,0,0,0,0,0,0,0,0
Georgia,2008-01,0,0,0,0,0,0,0,0
Georgia,2008-02,0,0,0,0,0,0,0,0
Georgia,2008-03,0,0,0,0,0,0,0,0
Georgia,2008-04,0,0,0,0,0,0,0,0
Georgia,2008-05,0,0,0,0,0,0,0,0
Georgia,2008-06,0,0,0,0,0,0,0,0
Georgia,2008-07,0,0,0,0,0,0,0,0
Georgia,2008-08,0,0,0,0,0,0,0,0
Georgia,2008-09,0,0,0,0,0,0,0,0
Georgia,2008-10,0,0,0,0,0,0,0,0
Georgia,2008-11,0,0,0,0,0,0,0,0
Georgia,2008-12,0,0,0,0,0,0,0,0
Georgia,2009-01,0,0,0,0,0,0,0,0
Georgia,2009-02,0,0,0,0,0,0,0,0
Georgia,2009-03,0,0,0,0,0,0,0,0
Georgia,2009-04,0,0,0,0,0,0,0,0
Georgia,2009-05,0,0,0,0,0,0,0,0
Georgia,2009-06,0,0,0,0,0,0,0,0
Georgia,2009-07,0,0,0,0,0,0,0,0
Georgia,2009-08,0,0,0,0,0,0,0,0
Georgia,2009-09,0,0,0,0,0,0,0,0
Georgia,2009-10,0,0,0,0,0,0,0,0
Georgia,2009-11,0,0,0,0,0,0,0,0
Georgia,2009-12,0,0,0,0,0,0,0,0
Georgia,2010-01,0,0,0,0,0,0,0,0
Georgia,2010-02,0,0,0,0,0,0,0,0
Georgia,2010-03,0,0,0,0,0,0,0,0
Georgia,2010-04,0,0,0,0,0,0,0,0
Georgia,2010-05,0,0,0,0,0,0,0,0
Georgia,2010-06,0,0,0,0,0,0,0,0
Georgia,2010-07,0,0,0,0,0,0,0,0
Georgia,2010-08,0,0,0,0,0,0,0,0
Georgia,2010-09,0,0,0,0,0,0,0,0
Georgia,2010-10,0,0,0,0,0,0,0,0
Georgia,2010-11,0,0,0,0,0,0,0,0
Georgia,2010-12,0,0,0,0,0,0,0,0
Georgia,2011-01,0,0,0,0,0,0,0,0
Georgia,2011-02,0,0,0,0,0,0,0,0
Georgia,2011-03,0,0,0,0,0,0,0,0
Georgia,2011-04,0,0,0,0,0,0,0,0
Georgia,2011-05,0,0,0,0,0,0,0,0
Georgia,2011-06,0,0,0,0,0,0,0,0
Georgia,2011-07,0,0,0,0,0,0,0,0
Georgia,2011-08,0,0,0,0,0,0,0,0
Georgia,2011-09,0,0,0,0,0,0,0,0
Georgia,2011-10,0,0,0,0,0,0,0,0
Georgia,2011-11,0,0,0,0,0,0,0,0
Georgia,2011-12,0,0,0,0,0,0,0,0
Georgia,2012-01,0,0,0,0,0,0,0,0
Georgia,2012-02,0,0,0,0,0,0,0,0
Georgia,2012-03,0,0,0,0,0,0,0,0
Georgia,2012-04,0,0,0,0,0,1,0,1
Georgia,2012-05,3,0,0,0,6,1,0,10
Georgia,2012-06,0,0,0,0,18,0,0,18
Georgia,2012-07,0,0,0,0,6,0,0,6
Georgia,2012-08,2,0,0,0,3,1,0,6
Georgia,2012-09,5,0,0,0,3,1,0,9
Georgia,2012-10,3,0,0,0,6,2,0,11
Georgia,2012-11,2,0,-2,0,2,0,0,2
Georgia,2012-12,0,0,0,0,6,0,0,6
Georgia,2013-01,2,0,-2,0,0,0,0,0
Georgia,2013-02,0,0,0,0,1,1,0,2
Georgia,2013-03,4,0,0,0,3,0,0,7
Georgia,2013-04,119,2,-6,0,28,28,0,171
Georgia,2013-05,114,2,-8,0,95,39,0,242
Georgia,2013-06,180,0,-18,0,72,34,0,268
Georgia,2013-07,173,0,-11,0,118,33,0,313
Georgia,2013-08,287,5,-8,0,88,62,0,434
Georgia,2013-09,261,2,-32,0,84,49,0,364
Georgia,2013-10,222,8,-21,0,106,48,0,363
Georgia,2013-11,187,0,-36,0,79,48,0,278
Georgia,2013-12,156,2,-15,0,84,46,0,273
Georgia,2014-01,129,0,-5,0,82,25,0,231
Georgia,2014-02,186,4,2,0,71,51,0,314
Georgia,2014-03,245,2,-1,0,61,59,0,366
Georgia,2014-04,183,4,-5,0,82,43,0,307
Georgia,2014-05,160,2,-11,0,36,53,0,240
Georgia,2014-06,213,0,-20,0,88,51,0,332
Georgia,2014-07,229,2,-5,0,106,48,0,380
Georgia,2014-08,190,2,-3,0,130,45,0,364
Georgia,2014-09,204,2,-2,0,59,30,0,293
Georgia,2014-10,250,0,-2,0,109,33,0,390
Georgia,2014-11,182,10,-28,0,86,48,0,298
Georgia,2014-12,148,0,-6,0,57,24,0,223
Georgia,2015-01,166,0,-10,0,37,18,0,211
Georgia,2015-02,114,0,-13,0,57,15,0,173
India,2003-04,0,0,0,0,-2,0,0,-2
India,2003-05,11,0,0,0,-1,0,0,10
India,2003-06,-1,0,0,0,0,0,0,-1
India,2003-07,0,0,0,0,0,0,0,0
India,2003-08,0,0,0,0,1,1,0,2
India,2003-09,1,0,0,0,0,0,0,1
India,2003-10,3,0,0,0,0,0,0,3
India,2003-11,0,0,0,0,0,0,0,0
India,2003-12,8,0,0,0,3,0,0,11
India,2004-01,5,0,0,0,0,0,0,5
India,2004-02,0,0,0,0,3,0,0,3
India,2004-03,-1,0,0,0,0,0,0,-1
India,2004-04,6,0,0,0,0,2,0,8
India,2004-05,9,0,0,0,3,0,0,12
India,2004-06,6,0,0,0,0,0,0,6
India,2004-07,4,0,0,0,0,0,0,4
India,2004-08,0,0,0,0,0,0,0,0
India,2004-09,0,0,0,0,0,0,0,0
India,2004-10,1,0,0,0,0,0,0,1
India,2004-11,2,0,0,0,0,0,0,2
India,2004-12,3,0,0,0,-2,0,0,1
India,2005-01,4,0,0,0,0,0,0,4
India,2005-02,3,0,0,0,0,0,0,3
India,2005-03,0,0,0,0,0,0,0,0
India,2005-04,0,0,0,0,0,0,0,0
India,2005-05,0,0,0,0,0,0,0,0
India,2005-06,0,0,0,0,0,0,0,0
India,2005-07,0,0,0,0,0,0,0,0
India,2005-08,0,0,0,0,0,0,0,0
India,2005-09,0,0,0,0,0,0,0,0
India,2005-10,0,0,0,0,0,0,0,0
India,2005-11,0,0,0,0,0,0,0,0
India,2005-12,0,0,0,0,0,0,0,0
India,2006-01,0,0,0,0,0,0,0,0
India,2006-02,0,0,0,0,0,0,0,0
India,2006-03,0,0,0,0,0,0,0,0
India,2006-04,0,0,0,0,0,0,0,0
India,2006-05,0,0,0,0,0,0,0,0
India,2006-06,0,0,0,0,0,0,0,0
India,2006-07,0,0,0,0,0,0,0,0
India,2006-08,0,0,0,0,0,0,0,0
India,2006-09,0,0,0,0,0,0,0,0
India,2006-10,0,0,0,0,0,0,0,0
India,2006-11,0,0,0,0,0,0,0,0
India,2006-12,0,0,0,0,0,0,0,0
India,2007-01,0,0,0,0,0,0,0,0
India,2007-02,0,0,0,0,0,0,0,0
India,2007-03,0,0,0,0,0,0,0,0
India,2007-04,0,0,0,0,0,0,0,0
India,2007-05,0,0,0,0,0,0,0,0
India,2007-06,0,0,0,0,0,0,0,0
India,2007-07,0,0,0,0,0,0,0,0
India,2007-08,0,0,0,0,0,0,0,0
India,2007-09,0,0,0,0,0,0,0,0
India,2007-10,0,0,0,0,0,0,0,0
India,2007-11,0,0,0,0,0,0,0,0
India,2007-12,0,0,0,0,0,0,0,0
India,2008-01,0,0,0,0,0,0,0,0
India,2008-02,0,0,0,0,0,0,0,0
India,2008-03,0,0,0,0,0,0,0,0
India,2008-04,0,0,0,0,0,0,0,0
India,2008-05,0,0,0,0,0,0,0,0
India,2008-06,0,0,0,0,0,0,0,0
India,2008-07,0,0,0,0,0,0,0,0
India,2008-08,0,0,0,0,0,0,0,0
India,2008-09,0,0,0,0,0,0,0,0
India,2008-10,0,0,0,0,0,0,0,0
India,2008-11,0,0,0,0,0,0,0,0
India,2008-12,0,0,0,0,0,0,0,0
India,2009-01,0,0,0,0,0,0,0,0
India,2009-02,0,0,0,0,0,0,0,0
India,2009-03,0,0,0,0,0,0,0,0
India,2009-04,0,0,0,0,0,0,0,0
India,2009-05,0,0,0,0,0,0,0,0
India,2009-06,0,0,0,0,0,0,0,0
India,2009-07,0,0,0,0,0,0,0,0
India,2009-08,0,0,0,0,0,0,0,0
India,2009-09,0,0,0,0,0,0,0,0
India,2009-10,0,0,0,0,0,0,0,0
India,2009-11,0,0,0,0,0,0,0,0
India,2009-12,0,0,0,0,0,0,0,0
India,2010-01,0,0,0,0,0,0,0,0
India,2010-02,0,0,0,0,0,0,0,0
India,2010-03,0,0,0,0,0,0,0,0
India,2010-04,0,0,0,0,0,0,0,0
India,2010-05,0,0,0,0,0,0,0,0
India,2010-06,0,0,0,0,0,0,0,0
India,2010-07,0,0,0,0,0,0,0,0
India,2010-08,0,0,0,0,0,0,0,0
India,2010-09,0,0,0,0,0,0,0,0
India,2010-10,0,0,0,0,0,0,0,0
India,2010-11,0,0,0,0,0,0,0,0
India,2010-12,0,0,0,0,0,0,0,0
India,2011-01,0,0,0,0,0,0,0,0
India,2011-02,0,0,0,0,0,0,0,0
India,2011-03,0,0,0,0,0,0,0,0
India,2011-04,0,0,0,0,0,0,0,0
India,2011-05,0,0,0,0,0,0,0,0
India,2011-06,0,0,0,0,0,0,0,0
India,2011-07,0,0,0,0,0,0,0,0
India,2011-08,0,0,0,0,0,0,0,0
India,2011-09,0,0,0,0,0,0,0,0
India,2011-10,0,0,0,0,0,0,0,0
India,2011-11,0,0,0,0,0,0,0,0
India,2011-12,0,0,0,0,0,0,0,0
India,2012-01,0,0,0,0,0,0,0,0
India,2012-02,0,0,0,0,0,0,0,0
India,2012-03,0,0,0,0,0,0,0,0
India,2012-04,73,0,-1,0,43,24,0,139
India,2012-05,68,0,-7,0,32,11,0,104
India,2012-06,33,0,-4,0,18,28,0,75
India,2012-07,85,0,-5,0,61,40,0,181
India,2012-08,134,4,-4,0,110,47,0,291
India,2012-09,119,0,-3,0,75,73,0,264
India,2012-10,148,2,-8,0,70,36,0,248
India,2012-11,78,4,-1,0,41,47,0,169
India,2012-12,114,0,-11,0,81,53,0,237
India,2013-01,116,0,-3,0,91,50,0,254
India,2013-02,127,2,-2,0,110,43,0,280
India,2013-03,207,2,-9,0,139,69,0,408
India,2013-04,923,72,-52,0,499,475,0,1917
India,2013-05,1036,54,-32,0,392,448,0,1898
India,2013-06,1099,68,-66,0,486,467,0,2054
India,2013-07,1299,107,-38,0,718,644,0,2730
India,2013-08,1525,96,-49,0,821,705,0,3098
India,2013-09,1410,104,-56,0,725,686,0,2869
India,2013-10,1326,126,-14,0,728,624,0,2790
India,2013-11,1304,110,-28,0,653,639,0,2678
India,2013-12,1277,98,-41,0,735,626,0,2695
India,2014-01,1255,82,-25,0,692,593,0,2597
India,2014-02,1219,100,-90,0,738,576,0,2543
India,2014-03,1179,110,-21,0,701,530,0,2499
India,2014-04,1198,103,6,0,619,502,0,2428
India,2014-05,1255,122,-42,0,644,558,0,2537
India,2014-06,1242,106,-33,0,684,557,0,2556
India,2014-07,1395,144,-46,0,702,619,0,2814
India,2014-08,1373,116,-54,0,773,538,0,2746
India,2014-09,1308,138,-32,0,754,538,0,2706
India,2014-10,1480,143,-24,0,754,679,0,3032
India,2014-11,1408,126,-34,0,757,644,0,2901
India,2014-12,1386,137,-42,0,740,591,0,2812
India,2015-01,1426,132,-29,0,765,638,0,2932
India,2015-02,759,72,0,0,412,361,0,1604
Iran,2003-05,5,0,0,0,0,0,0,5
Iran,2003-06,3,0,0,0,0,0,0,3
Iran,2003-07,0,0,0,0,0,0,0,0
Iran,2003-08,0,0,0,0,0,0,0,0
Iran,2003-09,0,0,0,0,3,0,0,3
Iran,2003-10,0,0,0,0,0,0,0,0
Iran,2003-11,1,0,0,0,0,1,0,2
Iran,2003-12,14,0,0,0,0,0,0,14
Iran,2004-01,3,0,0,0,0,0,0,3
Iran,2004-02,0,0,0,0,0,0,0,0
Iran,2004-03,3,0,0,0,0,0,0,3
Iran,2004-04,0,0,0,0,0,0,0,0
Iran,2004-05,2,0,0,0,0,0,0,2
Iran,2004-06,6,0,0,0,0,0,0,6
Iran,2004-07,7,0,0,0,0,1,0,8
Iran,2004-08,3,0,0,0,-2,0,0,1
Iran,2004-09,10,0,0,0,6,0,0,16
Iran,2004-10,25,0,0,0,0,0,0,25
Iran,2004-11,3,0,0,0,9,0,0,12
Iran,2004-12,0,0,0,0,0,0,0,0
Iran,2005-01,8,0,0,0,0,0,0,8
Iran,2005-02,2,0,0,0,0,3,0,5
Iran,2005-03,0,0,0,0,0,0,0,0
Iran,2005-04,0,0,0,0,0,0,0,0
Iran,2005-05,0,0,0,0,0,0,0,0
Iran,2005-06,0,0,0,0,0,0,0,0
Iran,2005-07,0,0,0,0,0,0,0,0
Iran,2005-08,0,0,0,0,0,0,0,0
Iran,2005-09,0,0,0,0,0,0,0,0
Iran,2005-10,0,0,0,0,0,0,0,0
Iran,2005-11,0,0,0,0,0,0,0,0
Iran,2005-12,0,0,0,0,0,0,0,0
Iran,2006-01,0,0,0,0,0,0,0,0
Iran,2006-02,0,0,0,0,0,0,0,0
Iran,2006-03,0,0,0,0,0,0,0,0
Iran,2006-04,0,0,0,0,0,0,0,0
Iran,2006-05,0,0,0,0,0,0,0,0
Iran,2006-06,0,0,0,0,0,0,0,0
Iran,2006-07,0,0,0,0,0,0,0,0
Iran,2006-08,0,0,0,0,0,0,0,0
Iran,2006-09,0,0,0,0,0,0,0,0
Iran,2006-10,0,0,0,0,0,0,0,0
Iran,2006-11,0,0,0,0,0,0,0,0
Iran,2006-12,0,0,0,0,0,0,0,0
Iran,2007-01,0,0,0,0,0,0,0,0
Iran,2007-02,0,0,0,0,0,0,0,0
Iran,2007-03,0,0,0,0,0,0,0,0
Iran,2007-04,0,0,0,0,0,0,0,0
Iran,2007-05,0,0,0,0,0,0,0,0
Iran,2007-06,0,0,0,0,0,0,0,0
Iran,2007-07,0,0,0,0,0,0,0,0
Iran,2007-08,0,0,0,0,0,0,0,0
Iran,2007-09,0,0,0,0,0,0,0,0
Iran,2007-10,0,0,0,0,0,0,0,0
Iran,2007-11,0,0,0,0,0,0,0,0
Iran,2007-12,0,0,0,0,0,0,0,0
Iran,2008-01,0,0,0,0,0,0,0,0
Iran,2008-02,0,0,0,0,0,0,0,0
Iran,2008-03,0,0,0,0,0,0,0,0
Iran,2008-04,0,0,0,0,0,0,0,0
Iran,2008-05,0,0,0,0,0,0,0,0
Iran,2008-06,0,0,0,0,0,0,0,0
Iran,2008-07,0,0,0,0,0,0,0,0
Iran,2008-08,0,0,0,0,0,0,0,0
Iran,2008-09,0,0,0,0,0,0,0,0
Iran,2008-10,0,0,0,0,0,0,0,0
Iran,2008-11,0,0,0,0,0,0,0,0
Iran,2008-12,0,0,0,0,0,0,0,0
Iran,2009-01,0,0,0,0,0,0,0,0
Iran,2009-02,0,0,0,0,0,0,0,0
Iran,2009-03,0,0,0,0,0,0,0,0
Iran,2009-04,0,0,0,0,0,0,0,0
Iran,2009-05,0,0,0,0,0,0,0,0
Iran,2009-06,0,0,0,0,0,0,0,0
Iran,2009-07,0,0,0,0,0,0,0,0
Iran,2009-08,0,0,0,0,0,0,0,0
Iran,2009-09,0,0,0,0,0,0,0,0
Iran,2009-10,0,0,0,0,0,0,0,0
Iran,2009-11,0,0,0,0,0,0,0,0
Iran,2009-12,0,0,0,0,0,0,0,0
Iran,2010-01,0,0,0,0,0,0,0,0
Iran,2010-02,0,0,0,0,0,0,0,0
Iran,2010-03,0,0,0,0,0,0,0,0
Iran,2010-04,0,0,0,0,0,0,0,0
Iran,2010-05,0,0,0,0,0,0,0,0
Iran,2010-06,0,0,0,0,0,0,0,0
Iran,2010-07,0,0,0,0,0,0,0,0
Iran,2010-08,0,0,0,0,0,0,0,0
Iran,2010-09,0,0,0,0,0,0,0,0
Iran,2010-10,0,0,0,0,0,0,0,0
Iran,2010-11,0,0,0,0,0,0,0,0
Iran,2010-12,0,0,0,0,0,0,0,0
Iran,2011-01,0,0,0,0,0,0,0,0
Iran,2011-02,0,0,0,0,0,0,0,0
Iran,2011-03,0,0,0,0,0,0,0,0
Iran,2011-04,0,0,0,0,0,0,0,0
Iran,2011-05,0,0,0,0,0,0,0,0
Iran,2011-06,0,0,0,0,0,0,0,0
Iran,2011-07,0,0,0,0,0,0,0,0
Iran,2011-08,0,0,0,0,0,0,0,0
Iran,2011-09,0,0,0,0,0,0,0,0
Iran,2011-10,0,0,0,0,0,0,0,0
Iran,2011-11,0,0,0,0,0,0,0,0
Iran,2011-12,0,0,0,0,0,0,0,0
Iran,2012-01,0,0,0,0,0,0,0,0
Iran,2012-02,0,0,0,0,0,0,0,0
Iran,2012-03,0,0,0,0,0,0,0,0
Iran,2012-04,5,0,0,0,19,6,0,30
Iran,2012-05,53,0,1,0,33,11,0,98
Iran,2012-06,40,0,1,0,34,9,0,84
Iran,2012-07,33,0,1,0,39,0,0,73
Iran,2012-08,39,0,1,0,62,1,0,103
Iran,2012-09,42,0,1,0,40,18,0,101
Iran,2012-10,84,4,-5,0,52,7,0,142
Iran,2012-11,70,0,-4,0,39,2,0,107
Iran,2012-12,39,2,-1,0,44,14,0,98
Iran,2013-01,46,0,1,0,20,17,0,84
Iran,2013-02,62,0,-3,0,31,11,0,101
Iran,2013-03,61,0,-4,0,56,13,0,126
Iran,2013-04,666,18,-1,0,252,212,0,1147
Iran,2013-05,853,28,-4,0,446,257,0,1580
Iran,2013-06,951,43,-15,0,481,361,0,1821
Iran,2013-07,831,42,14,0,408,286,0,1581
Iran,2013-08,1175,63,7,0,481,356,0,2082
Iran,2013-09,1419,60,16,0,503,450,0,2448
Iran,2013-10,1343,126,-19,0,611,574,0,2635
Iran,2013-11,1259,139,3,0,576,616,0,2593
Iran,2013-12,1076,86,-6,0,491,397,0,2044
Iran,2014-01,944,54,-31,0,429,405,0,1801
Iran,2014-02,941,58,-9,0,470,422,0,1882
Iran,2014-03,1007,89,0,0,453,331,0,1880
Iran,2014-04,978,60,-3,0,428,344,0,1807
Iran,2014-05,917,27,-2,0,510,290,0,1742
Iran,2014-06,1097,72,6,0,397,403,0,1975
Iran,2014-07,1129,65,-10,0,395,393,0,1972
Iran,2014-08,1149,60,-26,0,523,382,0,2088
Iran,2014-09,1166,96,-38,0,560,356,0,2140
Iran,2014-10,1052,80,-7,0,555,398,0,2078
Iran,2014-11,980,67,7,0,425,345,0,1824
Iran,2014-12,963,65,26,0,400,339,0,1793
Iran,2015-01,1294,76,-13,0,499,426,0,2282
Iran,2015-02,598,20,-25,0,289,190,0,1072
Iraq,2003-04,2,0,0,0,-2,0,0,0
Iraq,2003-05,12,0,0,0,0,0,0,12
Iraq,2003-06,7,0,0,0,0,2,0,9
Iraq,2003-07,0,0,0,0,6,0,0,6
Iraq,2003-08,8,0,0,0,3,0,0,11
Iraq,2003-09,0,0,0,0,0,0,0,0
Iraq,2003-10,0,0,0,0,3,0,0,3
Iraq,2003-11,3,0,0,0,0,0,0,3
Iraq,2003-12,24,0,1,0,0,0,0,25
Iraq,2004-01,12,0,0,0,0,0,0,12
Iraq,2004-02,13,0,0,0,-4,0,0,9
Iraq,2004-03,3,0,0,0,3,1,0,7
Iraq,2004-04,21,0,0,0,6,0,0,27
Iraq,2004-05,0,0,0,0,6,0,0,6
Iraq,2004-06,20,0,0,0,0,0,0,20
Iraq,2004-07,5,0,0,0,0,0,0,5
Iraq,2004-08,7,0,0,0,3,0,0,10
Iraq,2004-09,9,0,0,0,6,0,0,15
Iraq,2004-10,3,0,0,0,0,3,0,6
Iraq,2004-11,6,0,0,0,3,0,0,9
Iraq,2004-12,4,0,0,0,0,0,0,4
Iraq,2005-01,11,0,0,0,6,0,0,17
Iraq,2005-02,7,0,0,0,3,0,0,10
Iraq,2005-03,0,0,0,0,0,0,0,0
Iraq,2005-04,0,0,0,0,0,0,0,0
Iraq,2005-05,0,0,0,0,0,0,0,0
Iraq,2005-06,0,0,0,0,0,0,0,0
Iraq,2005-07,0,0,0,0,0,0,0,0
Iraq,2005-08,0,0,0,0,0,0,0,0
Iraq,2005-09,0,0,0,0,0,0,0,0
Iraq,2005-10,0,0,0,0,0,0,0,0
Iraq,2005-11,0,0,0,0,0,0,0,0
Iraq,2005-12,0,0,0,0,0,0,0,0
Iraq,2006-01,0,0,0,0,0,0,0,0
Iraq,2006-02,0,0,0,0,0,0,0,0
Iraq,2006-03,0,0,0,0,0,0,0,0
Iraq,2006-04,0,0,0,0,0,0,0,0
Iraq,2006-05,0,0,0,0,0,0,0,0
Iraq,2006-06,0,0,0,0,0,0,0,0
Iraq,2006-07,0,0,0,0,0,0,0,0
Iraq,2006-08,0,0,0,0,0,0,0,0
Iraq,2006-09,0,0,0,0,0,0,0,0
Iraq,2006-10,0,0,0,0,0,0,0,0
Iraq,2006-11,0,0,0,0,0,0,0,0
Iraq,2006-12,0,0,0,0,0,0,0,0
Iraq,2007-01,0,0,0,0,0,0,0,0
Iraq,2007-02,0,0,0,0,0,0,0,0
Iraq,2007-03,0,0,0,0,0,0,0,0
Iraq,2007-04,0,0,0,0,0,0,0,0
Iraq,2007-05,0,0,0,0,0,0,0,0
Iraq,2007-06,0,0,0,0,0,0,0,0
Iraq,2007-07,0,0,0,0,0,0,0,0
Iraq,2007-08,0,0,0,0,0,0,0,0
Iraq,2007-09,0,0,0,0,0,0,0,0
Iraq,2007-10,0,0,0,0,0,0,0,0
Iraq,2007-11,0,0,0,0,0,0,0,0
Iraq,2007-12,0,0,0,0,0,0,0,0
Iraq,2008-01,0,0,0,0,0,0,0,0
Iraq,2008-02,0,0,0,0,0,0,0,0
Iraq,2008-03,0,0,0,0,0,0,0,0
Iraq,2008-04,0,0,0,0,0,0,0,0
Iraq,2008-05,0,0,0,0,0,0,0,0
Iraq,2008-06,0,0,0,0,0,0,0,0
Iraq,2008-07,0,0,0,0,0,0,0,0
Iraq,2008-08,0,0,0,0,0,0,0,0
Iraq,2008-09,0,0,0,0,0,0,0,0
Iraq,2008-10,0,0,0,0,0,0,0,0
Iraq,2008-11,0,0,0,0,0,0,0,0
Iraq,2008-12,0,0,0,0,0,0,0,0
Iraq,2009-01,0,0,0,0,0,0,0,0
Iraq,2009-02,0,0,0,0,0,0,0,0
Iraq,2009-03,0,0,0,0,0,0,0,0
Iraq,2009-04,0,0,0,0,0,0,0,0
Iraq,2009-05,0,0,0,0,0,0,0,0
Iraq,2009-06,0,0,0,0,0,0,0,0
Iraq,2009-07,0,0,0,0,0,0,0,0
Iraq,2009-08,0,0,0,0,0,0,0,0
Iraq,2009-09,0,0,0,0,0,0,0,0
Iraq,2009-10,0,0,0,0,0,0,0,0
Iraq,2009-11,0,0,0,0,0,0,0,0
Iraq,2009-12,0,0,0,0,0,0,0,0
Iraq,2010-01,0,0,0,0,0,0,0,0
Iraq,2010-02,0,0,0,0,0,0,0,0
Iraq,2010-03,0,0,0,0,0,0,0,0
Iraq,2010-04,0,0,0,0,0,0,0,0
Iraq,2010-05,0,0,0,0,0,0,0,0
Iraq,2010-06,0,0,0,0,0,0,0,0
Iraq,2010-07,0,0,0,0,0,0,0,0
Iraq,2010-08,0,0,0,0,0,0,0,0
Iraq,2010-09,0,0,0,0,0,0,0,0
Iraq,2010-10,0,0,0,0,0,0,0,0
Iraq,2010-11,0,0,0,0,0,0,0,0
Iraq,2010-12,0,0,0,0,0,0,0,0
Iraq,2011-01,0,0,0,0,0,0,0,0
Iraq,2011-02,0,0,0,0,0,0,0,0
Iraq,2011-03,0,0,0,0,0,0,0,0
Iraq,2011-04,0,0,0,0,0,0,0,0
Iraq,2011-05,0,0,0,0,0,0,0,0
Iraq,2011-06,0,0,0,0,0,0,0,0
Iraq,2011-07,0,0,0,0,0,0,0,0
Iraq,2011-08,0,0,0,0,0,0,0,0
Iraq,2011-09,0,0,0,0,0,0,0,0
Iraq,2011-10,0,0,0,0,0,0,0,0
Iraq,2011-11,0,0,0,0,0,0,0,0
Iraq,2011-12,0,0,0,0,0,0,0,0
Iraq,2012-01,0,0,0,0,0,0,0,0
Iraq,2012-02,0,0,0,0,0,0,0,0
Iraq,2012-03,0,0,0,0,0,0,0,0
Iraq,2012-04,26,0,-2,0,9,4,0,37
Iraq,2012-05,21,0,-2,0,3,1,0,23
Iraq,2012-06,36,0,0,0,12,2,0,50
Iraq,2012-07,25,0,-2,0,15,1,0,39
Iraq,2012-08,27,2,0,0,29,7,0,65
Iraq,2012-09,65,0,-3,0,19,4,0,85
Iraq,2012-10,48,0,1,0,16,7,0,72
Iraq,2012-11,51,2,-3,0,4,6,0,60
Iraq,2012-12,16,6,2,0,13,7,0,44
Iraq,2013-01,118,0,0,0,15,14,0,147
Iraq,2013-02,89,0,0,0,34,17,0,140
Iraq,2013-03,68,0,0,0,34,3,0,105
Iraq,2013-04,716,8,1,0,261,328,0,1314
Iraq,2013-05,737,16,-13,0,153,339,0,1232
Iraq,2013-06,896,38,3,0,256,413,0,1606
Iraq,2013-07,973,42,-21,0,333,499,0,1826
Iraq,2013-08,1331,68,21,0,424,555,0,2399
Iraq,2013-09,1277,76,2,0,423,692,0,2470
Iraq,2013-10,1067,40,0,0,307,535,0,1949
Iraq,2013-11,1054,58,-17,0,342,512,0,1949
Iraq,2013-12,1185,44,2,0,461,516,0,2208
Iraq,2014-01,1164,38,-30,0,463,507,0,2142
Iraq,2014-02,951,40,-10,0,313,491,0,1785
Iraq,2014-03,924,36,-7,0,294,492,0,1739
Iraq,2014-04,912,48,-9,0,292,524,0,1767
Iraq,2014-05,964,36,-4,0,334,497,0,1827
Iraq,2014-06,1943,102,33,0,783,752,0,3613
Iraq,2014-07,1546,93,-15,0,504,660,0,2788
Iraq,2014-08,2031,98,-20,0,732,739,0,3580
Iraq,2014-09,1885,108,-20,0,604,667,0,3244
Iraq,2014-10,1670,102,-21,0,617,783,0,3151
Iraq,2014-11,1405,76,-25,0,520,597,0,2573
Iraq,2014-12,1167,56,-19,0,437,504,0,2145
Iraq,2015-01,1422,84,-11,0,459,562,0,2516
Iraq,2015-02,760,54,-7,0,301,366,0,1474
Pakistan,2003-05,9,0,0,0,0,0,0,9
Pakistan,2003-06,0,0,0,0,0,0,0,0
Pakistan,2003-07,6,0,0,0,6,0,0,12
Pakistan,2003-08,3,0,0,0,0,0,0,3
Pakistan,2003-09,9,0,0,0,0,0,0,9
Pakistan,2003-10,17,0,0,0,0,0,0,17
Pakistan,2003-11,13,0,0,0,0,0,0,13
Pakistan,2003-12,7,0,0,0,0,0,0,7
Pakistan,2004-01,4,0,0,0,0,0,0,4
Pakistan,2004-02,8,0,0,0,0,1,0,9
Pakistan,2004-03,14,0,0,0,0,0,0,14
Pakistan,2004-04,11,0,0,0,0,0,0,11
Pakistan,2004-05,7,0,0,0,0,0,0,7
Pakistan,2004-06,18,0,0,0,3,1,0,22
Pakistan,2004-07,0,0,0,0,-8,0,0,-8
Pakistan,2004-08,3,0,0,0,-2,0,0,1
Pakistan,2004-09,7,0,0,0,-2,0,0,5
Pakistan,2004-10,20,0,0,0,-1,2,0,21
Pakistan,2004-11,14,0,0,0,0,0,0,14
Pakistan,2004-12,12,0,0,0,3,0,0,15
Pakistan,2005-01,8,0,0,0,0,1,0,9
Pakistan,2005-02,12,0,0,0,0,0,0,12
Pakistan,2005-03,0,0,0,0,0,0,0,0
Pakistan,2005-04,0,0,0,0,0,0,0,0
Pakistan,2005-05,0,0,0,0,0,0,0,0
Pakistan,2005-06,0,0,0,0,0,0,0,0
Pakistan,2005-07,0,0,0,0,0,0,0,0
Pakistan,2005-08,0,0,0,0,0,0,0,0
Pakistan,2005-09,0,0,0,0,0,0,0,0
Pakistan,2005-10,0,0,0,0,0,0,0,0
Pakistan,2005-11,0,0,0,0,0,0,0,0
Pakistan,2005-12,0,0,0,0,0,0,0,0
Pakistan,2006-01,0,0,0,0,0,0,0,0
Pakistan,2006-02,0,0,0,0,0,0,0,0
Pakistan,2006-03,0,0,0,0,0,0,0,0
Pakistan,2006-04,0,0,0,0,0,0,0,0
Pakistan,2006-05,0,0,0,0,0,0,0,0
Pakistan,2006-06,0,0,0,0,0,0,0,0
Pakistan,2006-07,0,0,0,0,0,0,0,0
Pakistan,2006-08,0,0,0,0,0,0,0,0
Pakistan,2006-09,0,0,0,0,0,0,0,0
Pakistan,2006-10,0,0,0,0,0,0,0,0
Pakistan,2006-11,0,0,0,0,0,0,0,0
Pakistan,2006-12,0,0,0,0,0,0,0,0
Pakistan,2007-01,0,0,0,0,0,0,0,0
Pakistan,2007-02,0,0,0,0,0,0,0,0
Pakistan,2007-03,0,0,0,0,0,0,0,0
Pakistan,2007-04,0,0,0,0,0,0,0,0
Pakistan,2007-05,0,0,0,0,0,0,0,0
Pakistan,2007-06,0,0,0,0,0,0,0,0
Pakistan,2007-07,0,0,0,0,0,0,0,0
Pakistan,2007-08,0,0,0,0,0,0,0,0
Pakistan,2007-09,0,0,0,0,0,0,0,0
Pakistan,2007-10,0,0,0,0,0,0,0,0
Pakistan,2007-11,0,0,0,0,0,0,0,0
Pakistan,2007-12,0,0,0,0,0,0,0,0
Pakistan,2008-01,0,0,0,0,0,0,0,0
Pakistan,2008-02,0,0,0,0,0,0,0,0
Pakistan,2008-03,0,0,0,0,0,0,0,0
Pakistan,2008-04,0,0,0,0,0,0,0,0
Pakistan,2008-05,0,0,0,0,0,0,0,0
Pakistan,2008-06,0,0,0,0,0,0,0,0
Pakistan,2008-07,0,0,0,0,0,0,0,0
Pakistan,2008-08,0,0,0,0,0,0,0,0
Pakistan,2008-09,0,0,0,0,0,0,0,0
Pakistan,2008-10,0,0,0,0,0,0,0,0
Pakistan,2008-11,0,0,0,0,0,0,0,0
Pakistan,2008-12,0,0,0,0,0,0,0,0
Pakistan,2009-01,0,0,0,0,0,0,0,0
Pakistan,2009-02,0,0,0,0,0,0,0,0
Pakistan,2009-03,0,0,0,0,0,0,0,0
Pakistan,2009-04,0,0,0,0,0,0,0,0
Pakistan,2009-05,0,0,0,0,0,0,0,0
Pakistan,2009-06,0,0,0,0,0,0,0,0
Pakistan,2009-07,0,0,0,0,0,0,0,0
Pakistan,2009-08,0,0,0,0,0,0,0,0
Pakistan,2009-09,0,0,0,0,0,0,0,0
Pakistan,2009-10,0,0,0,0,0,0,0,0
Pakistan,2009-11,0,0,0,0,0,0,0,0
Pakistan,2009-12,0,0,0,0,0,0,0,0
Pakistan,2010-01,0,0,0,0,0,0,0,0
Pakistan,2010-02,0,0,0,0,0,0,0,0
Pakistan,2010-03,0,0,0,0,0,0,0,0
Pakistan,2010-04,0,0,0,0,0,0,0,0
Pakistan,2010-05,0,0,0,0,0,0,0,0
Pakistan,2010-06,0,0,0,0,0,0,0,0
Pakistan,2010-07,0,0,0,0,0,0,0,0
Pakistan,2010-08,0,0,0,0,0,0,0,0
Pakistan,2010-09,0,0,0,0,0,0,0,0
Pakistan,2010-10,0,0,0,0,0,0,0,0
Pakistan,2010-11,0,0,0,0,0,0,0,0
Pakistan,2010-12,0,0,0,0,0,0,0,0
Pakistan,2011-01,0,0,0,0,0,0,0,0
Pakistan,2011-02,0,0,0,0,0,0,0,0
Pakistan,2011-03,0,0,0,0,0,0,0,0
Pakistan,2011-04,0,0,0,0,0,0,0,0
Pakistan,2011-05,0,0,0,0,0,0,0,0
Pakistan,2011-06,0,0,0,0,0,0,0,0
Pakistan,2011-07,0,0,0,0,0,0,0,0
Pakistan,2011-08,0,0,0,0,0,0,0,0
Pakistan,2011-09,0,0,0,0,0,0,0,0
Pakistan,2011-10,0,0,0,0,0,0,0,0
Pakistan,2011-11,0,0,0,0,0,0,0,0
Pakistan,2011-12,0,0,0,0,0,0,0,0
Pakistan,2012-01,0,0,0,0,0,0,0,0
Pakistan,2012-02,0,0,0,0,0,0,0,0
Pakistan,2012-03,0,0,0,0,0,0,0,0
Pakistan,2012-04,96,0,0,0,17,0,0,113
Pakistan,2012-05,70,0,-4,0,34,1,0,101
Pakistan,2012-06,42,2,0,0,13,4,0,61
Pakistan,2012-07,137,0,5,0,43,10,0,195
Pakistan,2012-08,75,0,-4,0,5,5,0,81
Pakistan,2012-09,102,0,-2,0,7,17,0,124
Pakistan,2012-10,141,2,1,0,50,20,0,214
Pakistan,2012-11,116,0,-11,0,18,16,0,139
Pakistan,2012-12,52,8,-1,0,5,16,0,80
Pakistan,2013-01,175,0,0,0,42,21,0,238
Pakistan,2013-02,93,0,0,0,70,15,0,178
Pakistan,2013-03,153,0,-4,0,108,24,0,281
Pakistan,2013-04,1046,40,-29,0,440,402,0,1899
Pakistan,2013-05,1021,42,-25,0,482,505,0,2025
Pakistan,2013-06,1102,48,-20,0,441,502,0,2073
Pakistan,2013-07,1241,75,-32,0,551,600,0,2435
Pakistan,2013-08,1332,68,-33,0,745,624,0,2736
Pakistan,2013-09,1360,72,-41,0,566,659,0,2616
Pakistan,2013-10,1359,92,-46,0,565,637,0,2607
Pakistan,2013-11,1340,77,-8,0,676,620,0,2705
Pakistan,2013-12,1161,58,-26,0,665,521,0,2379
Pakistan,2014-01,1267,58,-32,0,610,559,0,2462
Pakistan,2014-02,1302,58,-7,0,647,563,0,2563
Pakistan,2014-03,1183,74,-44,0,583,525,0,2321
Pakistan,2014-04,1189,74,-33,0,583,533,0,2346
Pakistan,2014-05,1268,53,-7,0,540,564,0,2418
Pakistan,2014-06,1459,67,-24,0,646,615,0,2763
Pakistan,2014-07,1300,80,-25,0,571,555,0,2481
Pakistan,2014-08,1429,60,1,0,685,594,0,2769
Pakistan,2014-09,1390,66,-7,0,662,586,0,2697
Pakistan,2014-10,1402,84,-27,0,608,651,0,2718
Pakistan,2014-11,1301,70,-4,0,626,688,0,2681
Pakistan,2014-12,1568,80,-18,0,727,700,0,3057
Pakistan,2015-01,1396,76,-72,0,729,680,0,2809
Pakistan,2015-02,747,54,-17,0,325,343,0,1452
Palestine,2003-10,-3,0,0,0,0,0,0,-3
Palestine,2003-11,0,0,0,0,0,0,0,0
Palestine,2003-12,3,0,0,0,0,0,0,3
Palestine,2004-01,0,0,0,0,0,0,0,0
Palestine,2004-02,0,0,0,0,0,0,0,0
Palestine,2004-03,0,0,0,0,0,0,0,0
Palestine,2004-04,0,0,0,0,0,0,0,0
Palestine,2004-05,3,0,0,0,0,0,0,3
Palestine,2004-06,0,0,0,0,0,0,0,0
Palestine,2004-07,0,0,0,0,0,0,0,0
Palestine,2004-08,6,0,0,0,0,0,0,6
Palestine,2004-09,0,0,0,0,0,0,0,0
Palestine,2004-10,0,0,0,0,0,0,0,0
Palestine,2004-11,0,0,0,0,0,0,0,0
Palestine,2004-12,0,0,0,0,0,0,0,0
Palestine,2005-01,0,0,0,0,0,0,0,0
Palestine,2005-02,0,0,0,0,0,0,0,0
Palestine,2005-03,0,0,0,0,0,0,0,0
Palestine,2005-04,0,0,0,0,0,0,0,0
Palestine,2005-05,0,0,0,0,0,0,0,0
Palestine,2005-06,0,0,0,0,0,0,0,0
Palestine,2005-07,0,0,0,0,0,0,0,0
Palestine,2005-08,0,0,0,0,0,0,0,0
Palestine,2005-09,0,0,0,0,0,0,0,0
Palestine,2005-10,0,0,0,0,0,0,0,0
Palestine,2005-11,0,0,0,0,0,0,0,0
Palestine,2005-12,0,0,0,0,0,0,0,0
Palestine,2006-01,0,0,0,0,0,0,0,0
Palestine,2006-02,0,0,0,0,0,0,0,0
Palestine,2006-03,0,0,0,0,0,0,0,0
Palestine,2006-04,0,0,0,0,0,0,0,0
Palestine,2006-05,0,0,0,0,0,0,0,0
Palestine,2006-06,0,0,0,0,0,0,0,0
Palestine,2006-07,0,0,0,0,0,0,0,0
Palestine,2006-08,0,0,0,0,0,0,0,0
Palestine,2006-09,0,0,0,0,0,0,0,0
Palestine,2006-10,0,0,0,0,0,0,0,0
Palestine,2006-11,0,0,0,0,0,0,0,0
Palestine,2006-12,0,0,0,0,0,0,0,0
Palestine,2007-01,0,0,0,0,0,0,0,0
Palestine,2007-02,0,0,0,0,0,0,0,0
Palestine,2007-03,0,0,0,0,0,0,0,0
Palestine,2007-04,0,0,0,0,0,0,0,0
Palestine,2007-05,0,0,0,0,0,0,0,0
Palestine,2007-06,0,0,0,0,0,0,0,0
Palestine,2007-07,0,0,0,0,0,0,0,0
Palestine,2007-08,0,0,0,0,0,0,0,0
Palestine,2007-09,0,0,0,0,0,0,0,0
Palestine,2007-10,0,0,0,0,0,0,0,0
Palestine,2007-11,0,0,0,0,0,0,0,0
Palestine,2007-12,0,0,0,0,0,0,0,0
Palestine,2008-01,0,0,0,0,0,0,0,0
Palestine,2008-02,0,0,0,0,0,0,0,0
Palestine,2008-03,0,0,0,0,0,0,0,0
Palestine,2008-04,0,0,0,0,0,0,0,0
Palestine,2008-05,0,0,0,0,0,0,0,0
Palestine,2008-06,0,0,0,0,0,0,0,0
Palestine,2008-07,0,0,0,0,0,0,0,0
Palestine,2008-08,0,0,0,0,0,0,0,0
Palestine,2008-09,0,0,0,0,0,0,0,0
Palestine,2008-10,0,0,0,0,0,0,0,0
Palestine,2008-11,0,0,0,0,0,0,0,0
Palestine,2008-12,0,0,0,0,0,0,0,0
Palestine,2009-01,0,0,0,0,0,0,0,0
Palestine,2009-02,0,0,0,0,0,0,0,0
Palestine,2009-03,0,0,0,0,0,0,0,0
Palestine,2009-04,0,0,0,0,0,0,0,0
Palestine,2009-05,0,0,0,0,0,0,0,0
Palestine,2009-06,0,0,0,0,0,0,0,0
Palestine,2009-07,0,0,0,0,0,0,0,0
Palestine,2009-08,0,0,0,0,0,0,0,0
Palestine,2009-09,0,0,0,0,0,0,0,0
Palestine,2009-10,0,0,0,0,0,0,0,0
Palestine,2009-11,0,0,0,0,0,0,0,0
Palestine,2009-12,0,0,0,0,0,0,0,0
Palestine,2010-01,0,0,0,0,0,0,0,0
Palestine,2010-02,0,0,0,0,0,0,0,0
Palestine,2010-03,0,0,0,0,0,0,0,0
Palestine,2010-04,0,0,0,0,0,0,0,0
Palestine,2010-05,0,0,0,0,0,0,0,0
Palestine,2010-06,0,0,0,0,0,0,0,0
Palestine,2010-07,0,0,0,0,0,0,0,0
Palestine,2010-08,0,0,0,0,0,0,0,0
Palestine,2010-09,0,0,0,0,0,0,0,0
Palestine,2010-10,0,0,0,0,0,0,0,0
Palestine,2010-11,0,0,0,0,0,0,0,0
Palestine,2010-12,0,0,0,0,0,0,0,0
Palestine,2011-01,0,0,0,0,0,0,0,0
Palestine,2011-02,0,0,0,0,0,0,0,0
Palestine,2011-03,0,0,0,0,0,0,0,0
Palestine,2011-04,0,0,0,0,0,0,0,0
Palestine,2011-05,0,0,0,0,0,0,0,0
Palestine,2011-06,0,0,0,0,0,0,0,0
Palestine,2011-07,0,0,0,0,0,0,0,0
Palestine,2011-08,0,0,0,0,0,0,0,0
Palestine,2011-09,0,0,0,0,0,0,0,0
Palestine,2011-10,0,0,0,0,0,0,0,0
Palestine,2011-11,0,0,0,0,0,0,0,0
Palestine,2011-12,0,0,0,0,0,0,0,0
Palestine,2012-01,0,0,0,0,0,0,0,0
Palestine,2012-02,0,0,0,0,0,0,0,0
Palestine,2012-03,0,0,0,0,0,0,0,0
Palestine,2012-04,7,0,0,0,3,1,0,11
Palestine,2012-05,0,0,0,0,0,1,0,1
Palestine,2012-06,3,0,0,0,3,0,0,6
Palestine,2012-07,16,0,0,0,9,1,0,26
Palestine,2012-08,9,0,0,0,1,0,0,10
Palestine,2012-09,2,0,0,0,6,2,0,10
Palestine,2012-10,2,0,0,0,-2,3,0,3
Palestine,2012-11,42,0,1,0,3,1,0,47
Palestine,2012-12,21,0,0,0,6,3,0,30
Palestine,2013-01,16,0,0,0,2,1,0,19
Palestine,2013-02,35,0,0,0,3,5,0,43
Palestine,2013-03,23,0,0,0,2,4,0,29
Palestine,2013-04,324,0,-17,0,121,91,0,519
Palestine,2013-05,242,0,-5,0,106,43,0,386
Palestine,2013-06,355,6,-21,0,182,111,0,633
Palestine,2013-07,551,10,5,0,224,124,0,914
Palestine,2013-08,593,6,-1,0,212,158,0,968
Palestine,2013-09,616,4,-3,0,244,181,0,1042
Palestine,2013-10,528,8,-6,0,167,145,0,842
Palestine,2013-11,545,10,-3,0,214,176,0,942
Palestine,2013-12,584,8,2,0,190,162,0,946
Palestine,2014-01,563,4,0,0,186,202,0,955
Palestine,2014-02,556,12,4,0,195,181,0,948
Palestine,2014-03,623,10,-6,0,205,169,0,1001
Palestine,2014-04,504,4,-10,0,197,176,0,871
Palestine,2014-05,503,10,-4,0,193,182,0,884
Palestine,2014-06,903,4,-10,0,473,276,0,1646
Palestine,2014-07,1282,46,22,0,381,472,0,2203
Palestine,2014-08,944,50,-1,0,267,326,0,1586
Palestine,2014-09,601,18,1,0,241,240,0,1101
Palestine,2014-10,751,30,-1,0,354,270,0,1404
Palestine,2014-11,772,6,0,0,388,291,0,1457
Palestine,2014-12,630,18,-4,0,286,226,0,1156
Palestine,2015-01,622,8,10,0,270,239,0,1149
Palestine,2015-02,304,10,5,0,161,109,0,589
Sierra Leone,2003-08,0,0,0,0,0,0,0,0
Sierra Leone,2003-09,0,0,0,0,0,0,0,0
Sierra Leone,2003-10,0,0,0,0,0,0,0,0
Sierra Leone,2003-11,0,0,0,0,0,0,0,0
Sierra Leone,2003-12,0,0,0,0,0,0,0,0
Sierra Leone,2004-01,0,0,0,0,0,0,0,0
Sierra Leone,2004-02,0,0,0,0,0,0,0,0
Sierra Leone,2004-03,0,0,0,0,0,0,0,0
Sierra Leone,2004-04,0,0,0,0,0,0,0,0
Sierra Leone,2004-05,0,0,0,0,0,0,0,0
Sierra Leone,2004-06,0,0,0,0,0,0,0,0
Sierra Leone,2004-07,0,0,0,0,0,0,0,0
Sierra Leone,2004-08,0,0,0,0,0,0,0,0
Sierra Leone,2004-09,0,0,0,0,0,0,0,0
Sierra Leone,2004-10,0,0,0,0,0,0,0,0
Sierra Leone,2004-11,0,0,0,0,0,0,0,0
Sierra Leone,2004-12,0,0,0,0,0,0,0,0
Sierra Leone,2005-01,0,0,0,0,0,0,0,0
Sierra Leone,2005-02,0,0,0,0,0,0,0,0
Sierra Leone,2005-03,0,0,0,0,0,0,0,0
Sierra Leone,2005-04,0,0,0,0,0,0,0,0
Sierra Leone,2005-05,0,0,0,0,0,0,0,0
Sierra Leone,2005-06,0,0,0,0,0,0,0,0
Sierra Leone,2005-07,0,0,0,0,0,0,0,0
Sierra Leone,2005-08,0,0,0,0,0,0,0,0
Sierra Leone,2005-09,0,0,0,0,0,0,0,0
Sierra Leone,2005-10,0,0,0,0,0,0,0,0
Sierra Leone,2005-11,0,0,0,0,0,0,0,0
Sierra Leone,2005-12,0,0,0,0,0,0,0,0
Sierra Leone,2006-01,0,0,0,0,0,0,0,0
Sierra Leone,2006-02,0,0,0,0,0,0,0,0
Sierra Leone,2006-03,0,0,0,0,0,0,0,0
Sierra Leone,2006-04,0,0,0,0,0,0,0,0
Sierra Leone,2006-05,0,0,0,0,0,0,0,0
Sierra Leone,2006-06,0,0,0,0,0,0,0,0
Sierra Leone,2006-07,0,0,0,0,0,0,0,0
Sierra Leone,2006-08,0,0,0,0,0,0,0,0
Sierra Leone,2006-09,0,0,0,0,0,0,0,0
Sierra Leone,2006-10,0,0,0,0,0,0,0,0
Sierra Leone,2006-11,0,0,0,0,0,0,0,0
Sierra Leone,2006-12,0,0,0,0,0,0,0,0
Sierra Leone,2007-01,0,0,0,0,0,0,0,0
Sierra Leone,2007-02,0,0,0,0,0,0,0,0
Sierra Leone,2007-03,0,0,0,0,0,0,0,0
Sierra Leone,2007-04,0,0,0,0,0,0,0,0
Sierra Leone,2007-05,0,0,0,0,0,0,0,0
Sierra Leone,2007-06,0,0,0,0,0,0,0,0
Sierra Leone,2007-07,0,0,0,0,0,0,0,0
Sierra Leone,2007-08,0,0,0,0,0,0,0,0
Sierra Leone,2007-09,0,0,0,0,0,0,0,0
Sierra Leone,2007-10,0,0,0,0,0,0,0,0
Sierra Leone,2007-11,0,0,0,0,0,0,0,0
Sierra Leone,2007-12,0,0,0,0,0,0,0,0
Sierra Leone,2008-01,0,0,0,0,0,0,0,0
Sierra Leone,2008-02,0,0,0,0,0,0,0,0
Sierra Leone,2008-03,0,0,0,0,0,0,0,0
Sierra Leone,2008-04,0,0,0,0,0,0,0,0
Sierra Leone,2008-05,0,0,0,0,0,0,0,0
Sierra Leone,2008-06,0,0,0,0,0,0,0,0
Sierra Leone,2008-07,0,0,0,0,0,0,0,0
Sierra Leone,2008-08,0,0,0,0,0,0,0,0
Sierra Leone,2008-09,0,0,0,0,0,0,0,0
Sierra Leone,2008-10,0,0,0,0,0,0,0,0
Sierra Leone,2008-11,0,0,0,0,0,0,0,0
Sierra Leone,2008-12,0,0,0,0,0,0,0,0
Sierra Leone,2009-01,0,0,0,0,0,0,0,0
Sierra Leone,2009-02,0,0,0,0,0,0,0,0
Sierra Leone,2009-03,0,0,0,0,0,0,0,0
Sierra Leone,2009-04,0,0,0,0,0,0,0,0
Sierra Leone,2009-05,0,0,0,0,0,0,0,0
Sierra Leone,2009-06,0,0,0,0,0,0,0,0
Sierra Leone,2009-07,0,0,0,0,0,0,0,0
Sierra Leone,2009-08,0,0,0,0,0,0,0,0
Sierra Leone,2009-09,0,0,0,0,0,0,0,0
Sierra Leone,2009-10,0,0,0,0,0,0,0,0
Sierra Leone,2009-11,0,0,0,0,0,0,0,0
Sierra Leone,2009-12,0,0,0,0,0,0,0,0
Sierra Leone,2010-01,0,0,0,0,0,0,0,0
Sierra Leone,2010-02,0,0,0,0,0,0,0,0
Sierra Leone,2010-03,0,0,0,0,0,0,0,0
Sierra Leone,2010-04,0,0,0,0,0,0,0,0
Sierra Leone,2010-05,0,0,0,0,0,0,0,0
Sierra Leone,2010-06,0,0,0,0,0,0,0,0
Sierra Leone,2010-07,0,0,0,0,0,0,0,0
Sierra Leone,2010-08,0,0,0,0,0,0,0,0
Sierra Leone,2010-09,0,0,0,0,0,0,0,0
Sierra Leone,2010-10,0,0,0,0,0,0,0,0
Sierra Leone,2010-11,0,0,0,0,0,0,0,0
Sierra Leone,2010-12,0,0,0,0,0,0,0,0
Sierra Leone,2011-01,0,0,0,0,0,0,0,0
Sierra Leone,2011-02,0,0,0,0,0,0,0,0
Sierra Leone,2011-03,0,0,0,0,0,0,0,0
Sierra Leone,2011-04,0,0,0,0,0,0,0,0
Sierra Leone,2011-05,0,0,0,0,0,0,0,0
Sierra Leone,2011-06,0,0,0,0,0,0,0,0
Sierra Leone,2011-07,0,0,0,0,0,0,0,0
Sierra Leone,2011-08,0,0,0,0,0,0,0,0
Sierra Leone,2011-09,0,0,0,0,0,0,0,0
Sierra Leone,2011-10,0,0,0,0,0,0,0,0
Sierra Leone,2011-11,0,0,0,0,0,0,0,0
Sierra Leone,2011-12,0,0,0,0,0,0,0,0
Sierra Leone,2012-01,0,0,0,0,0,0,0,0
Sierra Leone,2012-02,0,0,0,0,0,0,0,0
Sierra Leone,2012-03,0,0,0,0,0,0,0,0
Sierra Leone,2012-04,0,0,0,0,0,0,0,0
Sierra Leone,2012-05,0,0,0,0,0,0,0,0
Sierra Leone,2012-06,0,0,0,0,12,0,0,12
Sierra Leone,2012-07,0,0,0,0,3,0,0,3
Sierra Leone,2012-08,1,0,0,0,18,4,0,23
Sierra Leone,2012-09,2,0,0,0,-3,0,0,-1
Sierra Leone,2012-10,0,0,0,0,6,1,0,7
Sierra Leone,2012-11,0,0,0,0,0,0,0,0
Sierra Leone,2012-12,0,0,0,0,0,0,0,0
Sierra Leone,2013-01,4,0,0,0,0,0,0,4
Sierra Leone,2013-02,0,0,0,0,0,0,0,0
Sierra Leone,2013-03,0,0,0,0,3,0,0,3
Sierra Leone,2013-04,29,0,0,0,18,5,0,52
Sierra Leone,2013-05,33,0,-2,0,23,7,0,61
Sierra Leone,2013-06,118,6,3,0,53,29,0,209
Sierra Leone,2013-07,135,12,0,0,54,38,0,239
Sierra Leone,2013-08,188,2,3,0,91,31,0,315
Sierra Leone,2013-09,212,12,3,0,122,49,0,398
Sierra Leone,2013-10,216,10,2,0,102,49,0,379
Sierra Leone,2013-11,173,4,3,0,100,49,0,329
Sierra Leone,2013-12,133,2,-6,0,62,21,0,212
Sierra Leone,2014-01,153,0,3,0,56,15,0,227
Sierra Leone,2014-02,190,16,1,0,49,25,0,281
Sierra Leone,2014-03,218,12,-6,0,76,45,0,345
Sierra Leone,2014-04,181,14,0,0,92,31,0,318
Sierra Leone,2014-05,206,12,1,0,75,28,0,322
Sierra Leone,2014-06,183,6,4,0,93,46,0,332
Sierra Leone,2014-07,343,20,-2,0,170,73,0,604
Sierra Leone,2014-08,440,48,-3,0,183,81,0,749
Sierra Leone,2014-09,373,42,-7,0,134,45,0,587
Sierra Leone,2014-10,494,48,10,0,134,104,0,790
Sierra Leone,2014-11,309,24,-2,0,96,55,0,482
Sierra Leone,2014-12,308,27,-4,0,105,40,0,476
Sierra Leone,2015-01,316,18,-18,0,98,43,0,457
Sierra Leone,2015-02,160,8,0,0,72,31,0,271
Somalia,2003-04,9,0,0,0,0,0,0,9
Somalia,2003-05,6,0,0,0,0,0,0,6
Somalia,2003-06,0,0,0,0,-2,0,0,-2
Somalia,2003-07,5,0,0,0,0,0,0,5
Somalia,2003-08,0,0,0,0,0,0,0,0
Somalia,2003-09,0,0,0,0,0,0,0,0
Somalia,2003-10,9,0,0,0,0,0,0,9
Somalia,2003-11,1,0,0,0,0,0,0,1
Somalia,2003-12,0,0,0,0,0,0,0,0
Somalia,2004-01,0,0,0,0,0,0,0,0
Somalia,2004-02,0,0,0,0,0,0,0,0
Somalia,2004-03,3,0,0,0,0,0,0,3
Somalia,2004-04,3,0,0,0,0,0,0,3
Somalia,2004-05,3,0,0,0,0,0,0,3
Somalia,2004-06,3,0,0,0,0,0,0,3
Somalia,2004-07,2,0,0,0,0,0,0,2
Somalia,2004-08,0,0,0,0,0,0,0,0
Somalia,2004-09,0,0,0,0,0,2,0,2
Somalia,2004-10,0,0,0,0,0,0,0,0
Somalia,2004-11,0,0,0,0,0,0,0,0
Somalia,2004-12,0,0,0,0,0,0,0,0
Somalia,2005-01,0,0,0,0,0,0,0,0
Somalia,2005-02,3,0,0,0,0,0,0,3
Somalia,2005-03,0,0,0,0,0,0,0,0
Somalia,2005-04,0,0,0,0,0,0,0,0
Somalia,2005-05,0,0,0,0,0,0,0,0
Somalia,2005-06,0,0,0,0,0,0,0,0
Somalia,2005-07,0,0,0,0,0,0,0,0
Somalia,2005-08,0,0,0,0,0,0,0,0
Somalia,2005-09,0,0,0,0,0,0,0,0
Somalia,2005-10,0,0,0,0,0,0,0,0
Somalia,2005-11,0,0,0,0,0,0,0,0
Somalia,2005-12,0,0,0,0,0,0,0,0
Somalia,2006-01,0,0,0,0,0,0,0,0
Somalia,2006-02,0,0,0,0,0,0,0,0
Somalia,2006-03,0,0,0,0,0,0,0,0
Somalia,2006-04,0,0,0,0,0,0,0,0
Somalia,2006-05,0,0,0,0,0,0,0,0
Somalia,2006-06,0,0,0,0,0,0,0,0
Somalia,2006-07,0,0,0,0,0,0,0,0
Somalia,2006-08,0,0,0,0,0,0,0,0
Somalia,2006-09,0,0,0,0,0,0,0,0
Somalia,2006-10,0,0,0,0,0,0,0,0
Somalia,2006-11,0,0,0,0,0,0,0,0
Somalia,2006-12,0,0,0,0,0,0,0,0
Somalia,2007-01,0,0,0,0,0,0,0,0
Somalia,2007-02,0,0,0,0,0,0,0,0
Somalia,2007-03,0,0,0,0,0,0,0,0
Somalia,2007-04,0,0,0,0,0,0,0,0
Somalia,2007-05,0,0,0,0,0,0,0,0
Somalia,2007-06,0,0,0,0,0,0,0,0
Somalia,2007-07,0,0,0,0,0,0,0,0
Somalia,2007-08,0,0,0,0,0,0,0,0
Somalia,2007-09,0,0,0,0,0,0,0,0
Somalia,2007-10,0,0,0,0,0,0,0,0
Somalia,2007-11,0,0,0,0,0,0,0,0
Somalia,2007-12,0,0,0,0,0,0,0,0
Somalia,2008-01,0,0,0,0,0,0,0,0
Somalia,2008-02,0,0,0,0,0,0,0,0
Somalia,2008-03,0,0,0,0,0,0,0,0
Somalia,2008-04,0,0,0,0,0,0,0,0
Somalia,2008-05,0,0,0,0,0,0,0,0
Somalia,2008-06,0,0,0,0,0,0,0,0
Somalia,2008-07,0,0,0,0,0,0,0,0
Somalia,2008-08,0,0,0,0,0,0,0,0
Somalia,2008-09,0,0,0,0,0,0,0,0
Somalia,2008-10,0,0,0,0,0,0,0,0
Somalia,2008-11,0,0,0,0,0,0,0,0
Somalia,2008-12,0,0,0,0,0,0,0,0
Somalia,2009-01,0,0,0,0,0,0,0,0
Somalia,2009-02,0,0,0,0,0,0,0,0
Somalia,2009-03,0,0,0,0,0,0,0,0
Somalia,2009-04,0,0,0,0,0,0,0,0
Somalia,2009-05,0,0,0,0,0,0,0,0
Somalia,2009-06,0,0,0,0,0,0,0,0
Somalia,2009-07,0,0,0,0,0,0,0,0
Somalia,2009-08,0,0,0,0,0,0,0,0
Somalia,2009-09,0,0,0,0,0,0,0,0
Somalia,2009-10,0,0,0,0,0,0,0,0
Somalia,2009-11,0,0,0,0,0,0,0,0
Somalia,2009-12,0,0,0,0,0,0,0,0
Somalia,2010-01,0,0,0,0,0,0,0,0
Somalia,2010-02,0,0,0,0,0,0,0,0
Somalia,2010-03,0,0,0,0,0,0,0,0
Somalia,2010-04,0,0,0,0,0,0,0,0
Somalia,2010-05,0,0,0,0,0,0,0,0
Somalia,2010-06,0,0,0,0,0,0,0,0
Somalia,2010-07,0,0,0,0,0,0,0,0
Somalia,2010-08,0,0,0,0,0,0,0,0
Somalia,2010-09,0,0,0,0,0,0,0,0
Somalia,2010-10,0,0,0,0,0,0,0,0
Somalia,2010-11,0,0,0,0,0,0,0,0
Somalia,2010-12,0,0,0,0,0,0,0,0
Somalia,2011-01,0,0,0,0,0,0,0,0
Somalia,2011-02,0,0,0,0,0,0,0,0
Somalia,2011-03,0,0,0,0,0,0,0,0
Somalia,2011-04,0,0,0,0,0,0,0,0
Somalia,2011-05,0,0,0,0,0,0,0,0
Somalia,2011-06,0,0,0,0,0,0,0,0
Somalia,2011-07,0,0,0,0,0,0,0,0
Somalia,2011-08,0,0,0,0,0,0,0,0
Somalia,2011-09,0,0,0,0,0,0,0,0
Somalia,2011-10,0,0,0,0,0,0,0,0
Somalia,2011-11,0,0,0,0,0,0,0,0
Somalia,2011-12,0,0,0,0,0,0,0,0
Somalia,2012-01,0,0,0,0,0,0,0,0
Somalia,2012-02,0,0,0,0,0,0,0,0
Somalia,2012-03,0,0,0,0,0,0,0,0
Somalia,2012-04,36,0,1,0,11,3,0,51
Somalia,2012-05,29,0,0,0,9,2,0,40
Somalia,2012-06,24,0,0,0,8,2,0,34
Somalia,2012-07,27,0,0,0,9,4,0,40
Somalia,2012-08,49,0,-1,0,28,8,0,84
Somalia,2012-09,44,0,0,0,12,13,0,69
Somalia,2012-10,74,0,-1,0,1,6,0,80
Somalia,2012-11,24,0,0,0,1,2,0,27
Somalia,2012-12,21,0,0,0,-2,3,0,22
Somalia,2013-01,56,0,0,0,17,9,0,82
Somalia,2013-02,40,2,0,0,13,9,0,64
Somalia,2013-03,75,0,0,0,9,17,0,101
Somalia,2013-04,554,24,-6,0,152,177,0,901
Somalia,2013-05,476,12,-4,0,161,124,0,769
Somalia,2013-06,630,16,0,0,144,191,0,981
Somalia,2013-07,607,31,-2,0,241,211,0,1088
Somalia,2013-08,743,20,-13,0,313,238,0,1301
Somalia,2013-09,979,36,-8,0,265,372,0,1644
Somalia,2013-10,964,26,-17,0,370,326,0,1669
Somalia,2013-11,703,38,-25,0,307,236,0,1259
Somalia,2013-12,618,16,-8,0,235,214,0,1075
Somalia,2014-01,637,16,-7,0,221,200,0,1067
Somalia,2014-02,719,38,-3,0,239,272,0,1265
Somalia,2014-03,710,40,-5,0,206,234,0,1185
Somalia,2014-04,744,16,3,0,233,211,0,1207
Somalia,2014-05,749,60,-13,0,186,279,0,1261
Somalia,2014-06,767,30,-6,0,231,220,0,1242
Somalia,2014-07,820,36,-6,0,248,248,0,1346
Somalia,2014-08,621,44,-2,0,300,187,0,1150
Somalia,2014-09,794,26,-11,0,213,247,0,1269
Somalia,2014-10,713,28,-3,0,257,225,0,1220
Somalia,2014-11,669,24,-3,0,212,175,0,1077
Somalia,2014-12,673,10,-25,0,171,198,0,1027
Somalia,2015-01,645,30,-11,0,161,260,0,1085
Somalia,2015-02,376,18,3,0,98,112,0,607
Syria,2003-05,0,0,0,0,0,0,0,0
Syria,2003-06,5,0,0,0,0,0,0,5
Syria,2003-07,6,0,0,0,0,0,0,6
Syria,2003-08,0,0,0,0,0,0,0,0
Syria,2003-09,0,0,0,0,0,1,0,1
Syria,2003-10,1,0,0,0,0,0,0,1
Syria,2003-11,-3,0,0,0,0,0,0,-3
Syria,2003-12,11,0,0,0,0,0,0,11
Syria,2004-01,12,0,0,0,0,0,0,12
Syria,2004-02,0,0,0,0,0,1,0,1
Syria,2004-03,9,0,0,0,3,0,0,12
Syria,2004-04,6,0,0,0,0,0,0,6
Syria,2004-05,0,0,0,0,0,0,0,0
Syria,2004-06,3,0,0,0,0,0,0,3
Syria,2004-07,4,0,0,0,0,0,0,4
Syria,2004-08,0,0,0,0,0,0,0,0
Syria,2004-09,9,0,0,0,6,0,0,15
Syria,2004-10,0,0,0,0,0,0,0,0
Syria,2004-11,0,0,0,0,3,0,0,3
Syria,2004-12,0,0,0,0,0,0,0,0
Syria,2005-01,9,0,0,0,0,1,0,10
Syria,2005-02,0,0,0,0,0,0,0,0
Syria,2005-03,0,0,0,0,0,0,0,0
Syria,2005-04,0,0,0,0,0,0,0,0
Syria,2005-05,0,0,0,0,0,0,0,0
Syria,2005-06,0,0,0,0,0,0,0,0
Syria,2005-07,0,0,0,0,0,0,0,0
Syria,2005-08,0,0,0,0,0,0,0,0
Syria,2005-09,0,0,0,0,0,0,0,0
Syria,2005-10,0,0,0,0,0,0,0,0
Syria,2005-11,0,0,0,0,0,0,0,0
Syria,2005-12,0,0,0,0,0,0,0,0
Syria,2006-01,0,0,0,0,0,0,0,0
Syria,2006-02,0,0,0,0,0,0,0,0
Syria,2006-03,0,0,0,0,0,0,0,0
Syria,2006-04,0,0,0,0,0,0,0,0
Syria,2006-05,0,0,0,0,0,0,0,0
Syria,2006-06,0,0,0,0,0,0,0,0
Syria,2006-07,0,0,0,0,0,0,0,0
Syria,2006-08,0,0,0,0,0,0,0,0
Syria,2006-09,0,0,0,0,0,0,0,0
Syria,2006-10,0,0,0,0,0,0,0,0
Syria,2006-11,0,0,0,0,0,0,0,0
Syria,2006-12,0,0,0,0,0,0,0,0
Syria,2007-01,0,0,0,0,0,0,0,0
Syria,2007-02,0,0,0,0,0,0,0,0
Syria,2007-03,0,0,0,0,0,0,0,0
Syria,2007-04,0,0,0,0,0,0,0,0
Syria,2007-05,0,0,0,0,0,0,0,0
Syria,2007-06,0,0,0,0,0,0,0,0
Syria,2007-07,0,0,0,0,0,0,0,0
Syria,2007-08,0,0,0,0,0,0,0,0
Syria,2007-09,0,0,0,0,0,0,0,0
Syria,2007-10,0,0,0,0,0,0,0,0
Syria,2007-11,0,0,0,0,0,0,0,0
Syria,2007-12,0,0,0,0,0,0,0,0
Syria,2008-01,0,0,0,0,0,0,0,0
Syria,2008-02,0,0,0,0,0,0,0,0
Syria,2008-03,0,0,0,0,0,0,0,0
Syria,2008-04,0,0,0,0,0,0,0,0
Syria,2008-05,0,0,0,0,0,0,0,0
Syria,2008-06,0,0,0,0,0,0,0,0
Syria,2008-07,0,0,0,0,0,0,0,0
Syria,2008-08,0,0,0,0,0,0,0,0
Syria,2008-09,0,0,0,0,0,0,0,0
Syria,2008-10,0,0,0,0,0,0,0,0
Syria,2008-11,0,0,0,0,0,0,0,0
Syria,2008-12,0,0,0,0,0,0,0,0
Syria,2009-01,0,0,0,0,0,0,0,0
Syria,2009-02,0,0,0,0,0,0,0,0
Syria,2009-03,0,0,0,0,0,0,0,0
Syria,2009-04,0,0,0,0,0,0,0,0
Syria,2009-05,0,0,0,0,0,0,0,0
Syria,2009-06,0,0,0,0,0,0,0,0
Syria,2009-07,0,0,0,0,0,0,0,0
Syria,2009-08,0,0,0,0,0,0,0,0
Syria,2009-09,0,0,0,0,0,0,0,0
Syria,2009-10,0,0,0,0,0,0,0,0
Syria,2009-11,0,0,0,0,0,0,0,0
Syria,2009-12,0,0,0,0,0,0,0,0
Syria,2010-01,0,0,0,0,0,0,0,0
Syria,2010-02,0,0,0,0,0,0,0,0
Syria,2010-03,0,0,0,0,0,0,0,0
Syria,2010-04,0,0,0,0,0,0,0,0
Syria,2010-05,0,0,0,0,0,0,0,0
Syria,2010-06,0,0,0,0,0,0,0,0
Syria,2010-07,0,0,0,0,0,0,0,0
Syria,2010-08,0,0,0,0,0,0,0,0
Syria,2010-09,0,0,0,0,0,0,0,0
Syria,2010-10,0,0,0,0,0,0,0,0
Syria,2010-11,0,0,0,0,0,0,0,0
Syria,2010-12,0,0,0,0,0,0,0,0
Syria,2011-01,0,0,0,0,0,0,0,0
Syria,2011-02,0,0,0,0,0,0,0,0
Syria,2011-03,0,0,0,0,0,0,0,0
Syria,2011-04,0,0,0,0,0,0,0,0
Syria,2011-05,0,0,0,0,0,0,0,0
Syria,2011-06,0,0,0,0,0,0,0,0
Syria,2011-07,0,0,0,0,0,0,0,0
Syria,2011-08,0,0,0,0,0,0,0,0
Syria,2011-09,0,0,0,0,0,0,0,0
Syria,2011-10,0,0,0,0,0,0,0,0
Syria,2011-11,0,0,0,0,0,0,0,0
Syria,2011-12,0,0,0,0,0,0,0,0
Syria,2012-01,0,0,0,0,0,0,0,0
Syria,2012-02,0,0,0,0,0,0,0,0
Syria,2012-03,0,0,0,0,0,0,0,0
Syria,2012-04,92,0,-3,0,19,4,0,112
Syria,2012-05,48,0,-1,0,45,6,0,98
Syria,2012-06,68,0,1,0,3,8,0,80
Syria,2012-07,66,0,0,0,26,9,0,101
Syria,2012-08,91,4,0,0,68,28,0,191
Syria,2012-09,190,4,0,0,41,17,0,252
Syria,2012-10,75,0,0,0,36,16,0,127
Syria,2012-11,89,0,-2,0,18,9,0,114
Syria,2012-12,80,12,0,0,45,19,0,156
Syria,2013-01,101,8,1,0,45,13,0,168
Syria,2013-02,109,4,2,0,43,8,0,166
Syria,2013-03,277,2,-14,0,102,42,0,409
Syria,2013-04,1135,33,-8,0,283,319,0,1762
Syria,2013-05,1393,41,-17,0,290,394,0,2101
Syria,2013-06,1465,94,-26,0,465,503,0,2501
Syria,2013-07,1440,68,-25,0,464,489,0,2436
Syria,2013-08,2065,66,-16,0,575,694,0,3384
Syria,2013-09,2095,132,-9,0,710,759,0,3687
Syria,2013-10,1475,92,-12,0,497,586,0,2638
Syria,2013-11,1468,80,-34,0,538,599,0,2651
Syria,2013-12,1362,104,-25,0,522,538,0,2501
Syria,2014-01,1450,101,-18,0,517,544,0,2594
Syria,2014-02,1520,68,-34,0,489,558,0,2601
Syria,2014-03,1458,72,-12,0,544,477,0,2539
Syria,2014-04,1297,74,-25,0,445,512,0,2303
Syria,2014-05,1185,72,-24,0,470,528,0,2231
Syria,2014-06,1399,88,-10,0,494,621,0,2592
Syria,2014-07,1283,78,-8,0,507,526,0,2386
Syria,2014-08,1767,74,4,0,797,600,0,3242
Syria,2014-09,1920,116,-18,0,700,656,0,3374
Syria,2014-10,1831,101,-11,0,751,719,0,3391
Syria,2014-11,1385,72,-20,0,610,553,0,2600
Syria,2014-12,1189,78,-4,0,580,443,0,2286
Syria,2015-01,1639,102,3,0,665,617,0,3026
Syria,2015-02,791,54,-6,0,352,328,0,1519
Trkiye,2003-04,3,0,0,0,0,0,0,3
Trkiye,2003-05,0,0,0,0,0,0,0,0
Trkiye,2003-06,0,0,0,0,4,1,0,5
Trkiye,2003-07,0,0,0,0,-2,0,0,-2
Trkiye,2003-08,0,0,0,0,0,0,0,0
Trkiye,2003-09,2,0,0,0,0,0,0,2
Trkiye,2003-10,13,0,0,0,0,0,0,13
Trkiye,2003-11,1,0,0,0,3,0,0,4
Trkiye,2003-12,0,0,0,0,0,0,0,0
Trkiye,2004-01,3,0,0,0,0,0,0,3
Trkiye,2004-02,0,0,0,0,0,-2,0,-2
Trkiye,2004-03,3,0,0,0,6,0,0,9
Trkiye,2004-04,0,0,0,0,0,0,0,0
Trkiye,2004-05,2,0,0,0,0,0,0,2
Trkiye,2004-06,0,0,0,0,0,0,0,0
Trkiye,2004-07,0,0,0,0,0,0,0,0
Trkiye,2004-08,0,0,0,0,0,1,0,1
Trkiye,2004-09,0,0,0,0,3,0,0,3
Trkiye,2004-10,4,0,0,0,-2,0,0,2
Trkiye,2004-11,2,0,0,0,0,0,0,2
Trkiye,2004-12,3,0,0,0,0,0,0,3
Trkiye,2005-01,8,0,0,0,0,0,0,8
Trkiye,2005-02,0,0,0,0,0,0,0,0
Trkiye,2005-03,0,0,0,0,0,0,0,0
Trkiye,2005-04,0,0,0,0,0,0,0,0
Trkiye,2005-05,0,0,0,0,0,0,0,0
Trkiye,2005-06,0,0,0,0,0,0,0,0
Trkiye,2005-07,0,0,0,0,0,0,0,0
Trkiye,2005-08,0,0,0,0,0,0,0,0
Trkiye,2005-09,0,0,0,0,0,0,0,0
Trkiye,2005-10,0,0,0,0,0,0,0,0
Trkiye,2005-11,0,0,0,0,0,0,0,0
Trkiye,2005-12,0,0,0,0,0,0,0,0
Trkiye,2006-01,0,0,0,0,0,0,0,0
Trkiye,2006-02,0,0,0,0,0,0,0,0
Trkiye,2006-03,0,0,0,0,0,0,0,0
Trkiye,2006-04,0,0,0,0,0,0,0,0
Trkiye,2006-05,0,0,0,0,0,0,0,0
Trkiye,2006-06,0,0,0,0,0,0,0,0
Trkiye,2006-07,0,0,0,0,0,0,0,0
Trkiye,2006-08,0,0,0,0,0,0,0,0
Trkiye,2006-09,0,0,0,0,0,0,0,0
Trkiye,2006-10,0,0,0,0,0,0,0,0
Trkiye,2006-11,0,0,0,0,0,0,0,0
Trkiye,2006-12,0,0,0,0,0,0,0,0
Trkiye,2007-01,0,0,0,0,0,0,0,0
Trkiye,2007-02,0,0,0,0,0,0,0,0
Trkiye,2007-03,0,0,0,0,0,0,0,0
Trkiye,2007-04,0,0,0,0,0,0,0,0
Trkiye,2007-05,0,0,0,0,0,0,0,0
Trkiye,2007-06,0,0,0,0,0,0,0,0
Trkiye,2007-07,0,0,0,0,0,0,0,0
Trkiye,2007-08,0,0,0,0,0,0,0,0
Trkiye,2007-09,0,0,0,0,0,0,0,0
Trkiye,2007-10,0,0,0,0,0,0,0,0
Trkiye,2007-11,0,0,0,0,0,0,0,0
Trkiye,2007-12,0,0,0,0,0,0,0,0
Trkiye,2008-01,0,0,0,0,0,0,0,0
Trkiye,2008-02,0,0,0,0,0,0,0,0
Trkiye,2008-03,0,0,0,0,0,0,0,0
Trkiye,2008-04,0,0,0,0,0,0,0,0
Trkiye,2008-05,0,0,0,0,0,0,0,0
Trkiye,2008-06,0,0,0,0,0,0,0,0
Trkiye,2008-07,0,0,0,0,0,0,0,0
Trkiye,2008-08,0,0,0,0,0,0,0,0
Trkiye,2008-09,0,0,0,0,0,0,0,0
Trkiye,2008-10,0,0,0,0,0,0,0,0
Trkiye,2008-11,0,0,0,0,0,0,0,0
Trkiye,2008-12,0,0,0,0,0,0,0,0
Trkiye,2009-01,0,0,0,0,0,0,0,0
Trkiye,2009-02,0,0,0,0,0,0,0,0
Trkiye,2009-03,0,0,0,0,0,0,0,0
Trkiye,2009-04,0,0,0,0,0,0,0,0
Trkiye,2009-05,0,0,0,0,0,0,0,0
Trkiye,2009-06,0,0,0,0,0,0,0,0
Trkiye,2009-07,0,0,0,0,0,0,0,0
Trkiye,2009-08,0,0,0,0,0,0,0,0
Trkiye,2009-09,0,0,0,0,0,0,0,0
Trkiye,2009-10,0,0,0,0,0,0,0,0
Trkiye,2009-11,0,0,0,0,0,0,0,0
Trkiye,2009-12,0,0,0,0,0,0,0,0
Trkiye,2010-01,0,0,0,0,0,0,0,0
Trkiye,2010-02,0,0,0,0,0,0,0,0
Trkiye,2010-03,0,0,0,0,0,0,0,0
Trkiye,2010-04,0,0,0,0,0,0,0,0
Trkiye,2010-05,0,0,0,0,0,0,0,0
Trkiye,2010-06,0,0,0,0,0,0,0,0
Trkiye,2010-07,0,0,0,0,0,0,0,0
Trkiye,2010-08,0,0,0,0,0,0,0,0
Trkiye,2010-09,0,0,0,0,0,0,0,0
Trkiye,2010-10,0,0,0,0,0,0,0,0
Trkiye,2010-11,0,0,0,0,0,0,0,0
Trkiye,2010-12,0,0,0,0,0,0,0,0
Trkiye,2011-01,0,0,0,0,0,0,0,0
Trkiye,2011-02,0,0,0,0,0,0,0,0
Trkiye,2011-03,0,0,0,0,0,0,0,0
Trkiye,2011-04,0,0,0,0,0,0,0,0
Trkiye,2011-05,0,0,0,0,0,0,0,0
Trkiye,2011-06,0,0,0,0,0,0,0,0
Trkiye,2011-07,0,0,0,0,0,0,0,0
Trkiye,2011-08,0,0,0,0,0,0,0,0
Trkiye,2011-09,0,0,0,0,0,0,0,0
Trkiye,2011-10,0,0,0,0,0,0,0,0
Trkiye,2011-11,0,0,0,0,0,0,0,0
Trkiye,2011-12,0,0,0,0,0,0,0,0
Trkiye,2012-01,0,0,0,0,0,0,0,0
Trkiye,2012-02,0,0,0,0,0,0,0,0
Trkiye,2012-03,0,0,0,0,0,0,0,0
Trkiye,2012-04,29,0,0,0,15,0,0,44
Trkiye,2012-05,10,0,-2,0,18,1,0,27
Trkiye,2012-06,17,0,0,0,30,3,0,50
Trkiye,2012-07,20,0,0,0,33,3,0,56
Trkiye,2012-08,36,0,0,0,58,7,0,101
Trkiye,2012-09,55,2,0,0,34,3,0,94
Trkiye,2012-10,45,2,2,0,23,5,0,77
Trkiye,2012-11,65,2,0,0,13,9,0,89
Trkiye,2012-12,50,4,-2,0,21,3,0,76
Trkiye,2013-01,41,0,2,0,27,5,0,75
Trkiye,2013-02,68,0,2,0,25,20,0,115
Trkiye,2013-03,91,0,-6,0,86,42,0,213
Trkiye,2013-04,474,13,-13,0,226,168,0,868
Trkiye,2013-05,702,23,-30,0,315,262,0,1272
Trkiye,2013-06,984,18,-20,0,516,500,0,1998
Trkiye,2013-07,978,34,-29,0,386,424,0,1793
Trkiye,2013-08,1065,32,-8,0,562,388,0,2039
Trkiye,2013-09,1059,52,-48,0,486,373,0,1922
Trkiye,2013-10,900,47,-44,0,443,327,0,1673
Trkiye,2013-11,853,93,-47,0,460,340,0,1699
Trkiye,2013-12,878,54,-40,0,537,364,0,1793
Trkiye,2014-01,885,26,-39,0,495,277,0,1644
Trkiye,2014-02,884,44,-20,0,472,361,0,1741
Trkiye,2014-03,1004,30,-5,0,516,355,0,1900
Trkiye,2014-04,914,40,-6,0,472,304,0,1724
Trkiye,2014-05,940,48,-14,0,444,408,0,1826
Trkiye,2014-06,900,38,-49,0,530,344,0,1763
Trkiye,2014-07,968,57,-14,0,464,372,0,1847
Trkiye,2014-08,1013,46,-22,0,448,302,0,1787
Trkiye,2014-09,1201,82,-15,0,549,346,0,2163
Trkiye,2014-10,1576,88,-28,0,674,543,0,2853
Trkiye,2014-11,1038,97,-24,0,451,356,0,1918
Trkiye,2014-12,921,54,-24,0,458,324,0,1733
Trkiye,2015-01,1228,60,-10,0,574,557,0,2409
Trkiye,2015-02,539,42,-1,0,262,234,0,1076
Yemen,2003-05,4,0,0,0,3,0,0,7
Yemen,2003-06,0,0,0,0,0,0,0,0
Yemen,2003-07,0,0,0,0,6,0,0,6
Yemen,2003-08,0,0,0,0,0,0,0,0
Yemen,2003-09,0,0,0,0,0,0,0,0
Yemen,2003-10,0,0,0,0,0,0,0,0
Yemen,2003-11,1,0,0,0,0,0,0,1
Yemen,2003-12,9,0,0,0,0,0,0,9
Yemen,2004-01,14,0,0,0,12,0,0,26
Yemen,2004-02,2,0,0,0,0,0,0,2
Yemen,2004-03,3,0,0,0,12,0,0,15
Yemen,2004-04,4,0,0,0,6,0,0,10
Yemen,2004-05,0,0,0,0,3,0,0,3
Yemen,2004-06,3,0,0,0,0,0,0,3
Yemen,2004-07,0,0,0,0,0,0,0,0
Yemen,2004-08,0,0,0,0,0,0,0,0
Yemen,2004-09,3,0,0,0,0,0,0,3
Yemen,2004-10,0,0,0,0,3,0,0,3
Yemen,2004-11,0,0,0,0,0,0,0,0
Yemen,2004-12,0,0,0,0,0,0,0,0
Yemen,2005-01,2,0,0,0,0,0,0,2
Yemen,2005-02,9,0,0,0,0,0,0,9
Yemen,2005-03,0,0,0,0,0,0,0,0
Yemen,2005-04,0,0,0,0,0,0,0,0
Yemen,2005-05,0,0,0,0,0,0,0,0
Yemen,2005-06,0,0,0,0,0,0,0,0
Yemen,2005-07,0,0,0,0,0,0,0,0
Yemen,2005-08,0,0,0,0,0,0,0,0
Yemen,2005-09,0,0,0,0,0,0,0,0
Yemen,2005-10,0,0,0,0,0,0,0,0
Yemen,2005-11,0,0,0,0,0,0,0,0
Yemen,2005-12,0,0,0,0,0,0,0,0
Yemen,2006-01,0,0,0,0,0,0,0,0
Yemen,2006-02,0,0,0,0,0,0,0,0
Yemen,2006-03,0,0,0,0,0,0,0,0
Yemen,2006-04,0,0,0,0,0,0,0,0
Yemen,2006-05,0,0,0,0,0,0,0,0
Yemen,2006-06,0,0,0,0,0,0,0,0
Yemen,2006-07,0,0,0,0,0,0,0,0
Yemen,2006-08,0,0,0,0,0,0,0,0
Yemen,2006-09,0,0,0,0,0,0,0,0
Yemen,2006-10,0,0,0,0,0,0,0,0
Yemen,2006-11,0,0,0,0,0,0,0,0
Yemen,2006-12,0,0,0,0,0,0,0,0
Yemen,2007-01,0,0,0,0,0,0,0,0
Yemen,2007-02,0,0,0,0,0,0,0,0
Yemen,2007-03,0,0,0,0,0,0,0,0
Yemen,2007-04,0,0,0,0,0,0,0,0
Yemen,2007-05,0,0,0,0,0,0,0,0
Yemen,2007-06,0,0,0,0,0,0,0,0
Yemen,2007-07,0,0,0,0,0,0,0,0
Yemen,2007-08,0,0,0,0,0,0,0,0
Yemen,2007-09,0,0,0,0,0,0,0,0
Yemen,2007-10,0,0,0,0,0,0,0,0
Yemen,2007-11,0,0,0,0,0,0,0,0
Yemen,2007-12,0,0,0,0,0,0,0,0
Yemen,2008-01,0,0,0,0,0,0,0,0
Yemen,2008-02,0,0,0,0,0,0,0,0
Yemen,2008-03,0,0,0,0,0,0,0,0
Yemen,2008-04,0,0,0,0,0,0,0,0
Yemen,2008-05,0,0,0,0,0,0,0,0
Yemen,2008-06,0,0,0,0,0,0,0,0
Yemen,2008-07,0,0,0,0,0,0,0,0
Yemen,2008-08,0,0,0,0,0,0,0,0
Yemen,2008-09,0,0,0,0,0,0,0,0
Yemen,2008-10,0,0,0,0,0,0,0,0
Yemen,2008-11,0,0,0,0,0,0,0,0
Yemen,2008-12,0,0,0,0,0,0,0,0
Yemen,2009-01,0,0,0,0,0,0,0,0
Yemen,2009-02,0,0,0,0,0,0,0,0
Yemen,2009-03,0,0,0,0,0,0,0,0
Yemen,2009-04,0,0,0,0,0,0,0,0
Yemen,2009-05,0,0,0,0,0,0,0,0
Yemen,2009-06,0,0,0,0,0,0,0,0
Yemen,2009-07,0,0,0,0,0,0,0,0
Yemen,2009-08,0,0,0,0,0,0,0,0
Yemen,2009-09,0,0,0,0,0,0,0,0
Yemen,2009-10,0,0,0,0,0,0,0,0
Yemen,2009-11,0,0,0,0,0,0,0,0
Yemen,2009-12,0,0,0,0,0,0,0,0
Yemen,2010-01,0,0,0,0,0,0,0,0
Yemen,2010-02,0,0,0,0,0,0,0,0
Yemen,2010-03,0,0,0,0,0,0,0,0
Yemen,2010-04,0,0,0,0,0,0,0,0
Yemen,2010-05,0,0,0,0,0,0,0,0
Yemen,2010-06,0,0,0,0,0,0,0,0
Yemen,2010-07,0,0,0,0,0,0,0,0
Yemen,2010-08,0,0,0,0,0,0,0,0
Yemen,2010-09,0,0,0,0,0,0,0,0
Yemen,2010-10,0,0,0,0,0,0,0,0
Yemen,2010-11,0,0,0,0,0,0,0,0
Yemen,2010-12,0,0,0,0,0,0,0,0
Yemen,2011-01,0,0,0,0,0,0,0,0
Yemen,2011-02,0,0,0,0,0,0,0,0
Yemen,2011-03,0,0,0,0,0,0,0,0
Yemen,2011-04,0,0,0,0,0,0,0,0
Yemen,2011-05,0,0,0,0,0,0,0,0
Yemen,2011-06,0,0,0,0,0,0,0,0
Yemen,2011-07,0,0,0,0,0,0,0,0
Yemen,2011-08,0,0,0,0,0,0,0,0
Yemen,2011-09,0,0,0,0,0,0,0,0
Yemen,2011-10,0,0,0,0,0,0,0,0
Yemen,2011-11,0,0,0,0,0,0,0,0
Yemen,2011-12,0,0,0,0,0,0,0,0
Yemen,2012-01,0,0,0,0,0,0,0,0
Yemen,2012-02,0,0,0,0,0,0,0,0
Yemen,2012-03,0,0,0,0,0,0,0,0
Yemen,2012-04,3,0,-1,0,3,0,0,5
Yemen,2012-05,12,0,-2,0,13,1,0,24
Yemen,2012-06,30,0,-6,0,9,2,0,35
Yemen,2012-07,27,0,0,0,4,0,0,31
Yemen,2012-08,43,0,-2,0,1,15,0,57
Yemen,2012-09,56,0,0,0,9,8,0,73
Yemen,2012-10,38,0,0,0,-2,0,0,36
Yemen,2012-11,12,0,0,0,3,0,0,15
Yemen,2012-12,25,4,0,0,7,11,0,47
Yemen,2013-01,19,0,0,0,15,3,0,37
Yemen,2013-02,27,2,0,0,23,3,0,55
Yemen,2013-03,25,0,1,0,25,1,0,52
Yemen,2013-04,283,0,-1,0,117,50,0,449
Yemen,2013-05,300,4,-6,0,108,76,0,482
Yemen,2013-06,492,6,-9,0,221,163,0,873
Yemen,2013-07,513,12,-14,0,150,144,0,805
Yemen,2013-08,873,14,-18,0,259,255,0,1383
Yemen,2013-09,646,10,-20,0,189,239,0,1064
Yemen,2013-10,678,2,-12,0,192,189,0,1049
Yemen,2013-11,646,18,6,0,224,146,0,1040
Yemen,2013-12,688,20,-22,0,207,302,0,1195
Yemen,2014-01,636,22,-18,0,196,185,0,1021
Yemen,2014-02,630,20,-23,0,201,234,0,1062
Yemen,2014-03,669,0,-10,0,266,176,0,1101
Yemen,2014-04,765,14,-12,0,268,204,0,1239
Yemen,2014-05,835,14,-17,0,269,345,0,1446
Yemen,2014-06,670,10,-7,0,246,229,0,1148
Yemen,2014-07,651,10,-7,0,245,187,0,1086
Yemen,2014-08,744,16,-25,0,234,259,0,1228
Yemen,2014-09,965,12,-18,0,320,376,0,1655
Yemen,2014-10,748,12,-35,0,191,411,0,1327
Yemen,2014-11,699,6,-17,0,209,219,0,1116
Yemen,2014-12,647,24,-18,0,218,299,0,1170
Yemen,2015-01,1062,12,-66,0,436,413,0,1857
Yemen,2015-02,502,20,-22,0,197,213,0,910
